-- phpMyAdmin SQL Dump
-- version 4.8.2
-- https://www.phpmyadmin.net/
--
-- Servidor: 127.0.0.1
-- Tiempo de generación: 08-10-2018 a las 05:38:16
-- Versión del servidor: 10.1.34-MariaDB
-- Versión de PHP: 7.2.8

SET SQL_MODE = "NO_AUTO_VALUE_ON_ZERO";
SET AUTOCOMMIT = 0;
START TRANSACTION;
SET time_zone = "+00:00";


/*!40101 SET @OLD_CHARACTER_SET_CLIENT=@@CHARACTER_SET_CLIENT */;
/*!40101 SET @OLD_CHARACTER_SET_RESULTS=@@CHARACTER_SET_RESULTS */;
/*!40101 SET @OLD_COLLATION_CONNECTION=@@COLLATION_CONNECTION */;
/*!40101 SET NAMES utf8mb4 */;

--
-- Base de datos: `ecommerce`
--

-- --------------------------------------------------------

--
-- Estructura de tabla para la tabla `migrations`
--

CREATE TABLE `migrations` (
  `id` int(10) UNSIGNED NOT NULL,
  `migration` varchar(190) COLLATE utf8mb4_unicode_ci NOT NULL,
  `batch` int(11) NOT NULL
) ENGINE=InnoDB DEFAULT CHARSET=utf8mb4 COLLATE=utf8mb4_unicode_ci;

--
-- Volcado de datos para la tabla `migrations`
--

INSERT INTO `migrations` (`id`, `migration`, `batch`) VALUES
(1, '2014_10_12_000000_create_users_table', 1),
(2, '2014_10_12_100000_create_password_resets_table', 1),
(3, '2018_10_08_021832_create_products_table', 1),
(4, '2018_10_08_022013_create_reviews_table', 1);

-- --------------------------------------------------------

--
-- Estructura de tabla para la tabla `password_resets`
--

CREATE TABLE `password_resets` (
  `email` varchar(190) COLLATE utf8mb4_unicode_ci NOT NULL,
  `token` varchar(190) COLLATE utf8mb4_unicode_ci NOT NULL,
  `created_at` timestamp NULL DEFAULT NULL
) ENGINE=InnoDB DEFAULT CHARSET=utf8mb4 COLLATE=utf8mb4_unicode_ci;

-- --------------------------------------------------------

--
-- Estructura de tabla para la tabla `products`
--

CREATE TABLE `products` (
  `id` int(10) UNSIGNED NOT NULL,
  `name` varchar(190) COLLATE utf8mb4_unicode_ci NOT NULL,
  `detail` text COLLATE utf8mb4_unicode_ci NOT NULL,
  `price` int(11) NOT NULL,
  `stock` int(11) NOT NULL,
  `discount` int(11) NOT NULL,
  `created_at` timestamp NULL DEFAULT NULL,
  `updated_at` timestamp NULL DEFAULT NULL
) ENGINE=InnoDB DEFAULT CHARSET=utf8mb4 COLLATE=utf8mb4_unicode_ci;

--
-- Volcado de datos para la tabla `products`
--

INSERT INTO `products` (`id`, `name`, `detail`, `price`, `stock`, `discount`, `created_at`, `updated_at`) VALUES
(1, 'aut', 'Aliquam voluptas eum unde. Magnam ipsam quidem excepturi distinctio maiores debitis sed. Inventore delectus temporibus ducimus.', 651, 6, 26, '2018-10-08 07:36:13', '2018-10-08 07:36:13'),
(2, 'atque', 'Sint quis officiis natus libero. Dolores ipsum eum consequatur laborum explicabo sit. Exercitationem et culpa sit a animi. Quo doloribus et aut facilis nostrum et provident.', 767, 8, 7, '2018-10-08 07:36:13', '2018-10-08 07:36:13'),
(3, 'repellat', 'Libero consequatur libero odit aliquam fugiat odit nihil. Non aliquam quae consectetur praesentium eum. Sed eius enim labore aut id ab.', 756, 0, 19, '2018-10-08 07:36:13', '2018-10-08 07:36:13'),
(4, 'consequatur', 'Enim officiis et eos non ad. Maiores sed cum exercitationem voluptas. Vitae est aut voluptas quo animi. Est eum maxime explicabo tempore.', 288, 8, 27, '2018-10-08 07:36:13', '2018-10-08 07:36:13'),
(5, 'molestiae', 'Et ipsum rerum sapiente dolores rem. Iusto nihil est et quisquam. Quo vel optio accusantium rerum.', 614, 9, 5, '2018-10-08 07:36:13', '2018-10-08 07:36:13'),
(6, 'ut', 'Est autem ut aut nostrum a suscipit. Repellendus eaque impedit est aut. Est officiis omnis dolorem at ad rerum voluptas. Fugit neque consequuntur amet repudiandae similique consequatur explicabo.', 750, 3, 5, '2018-10-08 07:36:14', '2018-10-08 07:36:14'),
(7, 'necessitatibus', 'Ut veniam officiis aut dolores nam. Et ea quos molestiae dolor. Ut enim ut quam aut consequatur. Tenetur est voluptatem nobis id.', 176, 7, 5, '2018-10-08 07:36:14', '2018-10-08 07:36:14'),
(8, 'dignissimos', 'Tenetur ut quis iure culpa sint. Qui dolorum consequuntur modi dolorem eaque. Dolor et quae qui voluptas.', 481, 8, 21, '2018-10-08 07:36:14', '2018-10-08 07:36:14'),
(9, 'velit', 'Dolores enim quidem magni soluta placeat. Consequatur rerum molestias a labore expedita sit. Et est in quibusdam aspernatur. Aliquid at doloremque voluptatem dolorum nobis natus nesciunt. Similique aperiam quia magnam delectus odit nobis commodi.', 916, 2, 14, '2018-10-08 07:36:14', '2018-10-08 07:36:14'),
(10, 'ducimus', 'Minus consequatur laboriosam qui ut officiis sed. In sint aut rerum sed laboriosam. Id vel quia consectetur dicta in unde.', 207, 1, 3, '2018-10-08 07:36:14', '2018-10-08 07:36:14'),
(11, 'magni', 'Amet dolores suscipit libero atque aut. Doloremque aut distinctio error harum molestiae qui. Dolorem qui error autem ut ex eveniet qui quisquam. Et ex error numquam ab.', 787, 6, 21, '2018-10-08 07:36:14', '2018-10-08 07:36:14'),
(12, 'aliquam', 'Natus quod animi et et ut voluptatem quia. Cupiditate beatae asperiores sint enim nam odio et. Accusamus quisquam labore maiores repellat quisquam cum illum laboriosam.', 956, 5, 11, '2018-10-08 07:36:14', '2018-10-08 07:36:14'),
(13, 'adipisci', 'Pariatur iste ratione molestiae. Temporibus necessitatibus maxime quo fuga. Ut sed consectetur velit deserunt veniam cum. Voluptas enim consequuntur earum consequatur illo aut sapiente. Id omnis consequatur cumque iusto asperiores sapiente asperiores.', 704, 9, 30, '2018-10-08 07:36:14', '2018-10-08 07:36:14'),
(14, 'voluptatem', 'Est et tempore enim sit sit eum aliquam repudiandae. Ullam autem accusamus vitae modi non quae totam.', 562, 8, 27, '2018-10-08 07:36:14', '2018-10-08 07:36:14'),
(15, 'culpa', 'Non ea aut quia et sint asperiores. Ut aspernatur officiis eos laudantium. Voluptatibus corporis doloremque enim ipsam voluptas nesciunt inventore aut. Ut voluptas minima voluptatem impedit molestiae.', 987, 3, 30, '2018-10-08 07:36:14', '2018-10-08 07:36:14'),
(16, 'dolor', 'Omnis ipsum vel voluptatem sed iure vel itaque. Cum accusamus veniam saepe deleniti illum id asperiores. Sit et possimus dolor in nulla in suscipit.', 385, 1, 17, '2018-10-08 07:36:14', '2018-10-08 07:36:14'),
(17, 'labore', 'Non enim tempore ut reprehenderit in quas suscipit. Rerum doloribus laborum quas nemo dignissimos est. Dolores aut quia nam neque debitis.', 651, 9, 17, '2018-10-08 07:36:14', '2018-10-08 07:36:14'),
(18, 'totam', 'Veritatis vero et eos ea. Beatae consequatur aut aperiam eaque quo. Rem dolore non aliquam nemo est aut. Dolorem assumenda possimus enim impedit nulla.', 291, 8, 12, '2018-10-08 07:36:14', '2018-10-08 07:36:14'),
(19, 'explicabo', 'Et dolores veritatis odio accusamus dolorum in voluptas. Eveniet optio omnis tempore occaecati. Temporibus est qui qui enim fugiat.', 522, 3, 29, '2018-10-08 07:36:14', '2018-10-08 07:36:14'),
(20, 'modi', 'Voluptatem beatae debitis sed non provident quisquam. Nam voluptas dolorum voluptatum molestiae nesciunt. Quaerat facere quia corrupti eos dolorum dolorem quas.', 271, 3, 3, '2018-10-08 07:36:14', '2018-10-08 07:36:14'),
(21, 'occaecati', 'Quis enim quis facilis fuga. Ratione itaque officiis enim dolorem ut quia in.', 874, 1, 21, '2018-10-08 07:36:14', '2018-10-08 07:36:14'),
(22, 'ipsam', 'Dignissimos a asperiores dolorem commodi amet qui amet. Temporibus quibusdam molestiae fuga assumenda. Et sunt sint omnis consectetur soluta nulla sint. Tenetur sapiente laudantium quibusdam dolores.', 533, 8, 19, '2018-10-08 07:36:14', '2018-10-08 07:36:14'),
(23, 'occaecati', 'Occaecati omnis odio sit. Quod saepe asperiores est aspernatur. Rerum iusto et assumenda dolor recusandae et enim. Quaerat quod nostrum et.', 904, 0, 25, '2018-10-08 07:36:14', '2018-10-08 07:36:14'),
(24, 'non', 'Vero quisquam earum delectus magnam. Est ipsa sunt accusantium ad nemo consequatur.', 774, 5, 8, '2018-10-08 07:36:14', '2018-10-08 07:36:14'),
(25, 'animi', 'Expedita vitae nostrum autem dolorum in eos. Nobis voluptatem ipsum laudantium optio vero eaque. Adipisci consequatur quis modi aspernatur blanditiis.', 238, 8, 25, '2018-10-08 07:36:14', '2018-10-08 07:36:14'),
(26, 'perferendis', 'A voluptatem aliquid totam dolor et veniam. Officiis qui magnam accusamus quia. Nihil iste nulla quibusdam rerum et labore quod. Et autem facilis nulla dolor nostrum deserunt.', 392, 3, 10, '2018-10-08 07:36:14', '2018-10-08 07:36:14'),
(27, 'nam', 'Placeat accusamus possimus vel sit et dicta natus. Eveniet quaerat error voluptatem ipsum tenetur. Nam magnam dolor distinctio. Repudiandae aut numquam harum fuga asperiores. Rerum sint debitis a et sit numquam.', 930, 0, 11, '2018-10-08 07:36:15', '2018-10-08 07:36:15'),
(28, 'voluptatibus', 'Ut odit ut aut quod. Voluptatibus inventore corporis non eum velit culpa est. Maxime nihil ea totam eveniet tempore mollitia.', 220, 0, 27, '2018-10-08 07:36:15', '2018-10-08 07:36:15'),
(29, 'consequuntur', 'Minima ipsa odit est eum distinctio optio. Aperiam non officia aut dolorum in animi. Qui quisquam excepturi explicabo atque vitae rem pariatur. Ut modi ut debitis ducimus exercitationem. Quia repudiandae nobis nostrum inventore.', 460, 3, 30, '2018-10-08 07:36:15', '2018-10-08 07:36:15'),
(30, 'quam', 'Eaque laudantium mollitia recusandae dignissimos laudantium ea eaque sed. Ut quo ex officia quam perspiciatis. Incidunt tenetur dolorem neque nihil labore consequatur. Esse accusantium minus eum aspernatur.', 128, 0, 20, '2018-10-08 07:36:15', '2018-10-08 07:36:15'),
(31, 'nihil', 'Quia vel voluptatem soluta laboriosam. Qui quibusdam voluptas earum eum dolorem quis. Corrupti ut natus deserunt et fuga quam laudantium. Consectetur voluptatum veniam aut.', 501, 4, 11, '2018-10-08 07:36:15', '2018-10-08 07:36:15'),
(32, 'quis', 'Deserunt nostrum consectetur deleniti aut assumenda. Molestias animi in mollitia quis. Cupiditate beatae perferendis inventore libero consectetur dolore. Ipsum atque vel eum nesciunt fuga at eveniet.', 517, 9, 5, '2018-10-08 07:36:15', '2018-10-08 07:36:15'),
(33, 'nam', 'Autem nisi assumenda enim molestias ut voluptatem. Molestiae voluptatem qui est maxime. Ipsa aut voluptatem dolor voluptas numquam voluptas ullam. Dolor architecto illo nam laborum.', 842, 1, 2, '2018-10-08 07:36:15', '2018-10-08 07:36:15'),
(34, 'asperiores', 'Vel nobis reiciendis tempore rerum quaerat nesciunt autem. Enim facere possimus ipsa et non aliquam voluptate. Quis ex suscipit amet aspernatur consequatur est. Nesciunt dolores qui nesciunt dolor nam sit vel.', 394, 3, 15, '2018-10-08 07:36:15', '2018-10-08 07:36:15'),
(35, 'reiciendis', 'Omnis ut sit est ut. Sint quos asperiores ut eum. Odit veniam sit sequi impedit iste tempore soluta est.', 886, 0, 21, '2018-10-08 07:36:15', '2018-10-08 07:36:15'),
(36, 'distinctio', 'Accusantium distinctio at rerum est eum consequuntur et. Blanditiis corporis cumque nihil ducimus. Voluptatem dolorem laboriosam eligendi maxime.', 147, 3, 21, '2018-10-08 07:36:15', '2018-10-08 07:36:15'),
(37, 'at', 'Ipsa enim dolores quis eius et. Libero et ut aspernatur aut aut.', 869, 2, 9, '2018-10-08 07:36:15', '2018-10-08 07:36:15'),
(38, 'blanditiis', 'Sed unde animi sapiente veniam omnis asperiores. Doloribus unde quis vero eos sapiente eum debitis. Sunt quisquam praesentium non consequatur.', 837, 7, 5, '2018-10-08 07:36:15', '2018-10-08 07:36:15'),
(39, 'delectus', 'Voluptas consequuntur nulla ut enim adipisci harum vero. Qui fugiat distinctio alias neque ut a molestias sit. Vel corrupti doloremque ea rerum dolores deleniti corporis.', 399, 3, 26, '2018-10-08 07:36:15', '2018-10-08 07:36:15'),
(40, 'recusandae', 'Blanditiis reiciendis sint nulla in repellendus consequuntur aperiam numquam. Qui aut nisi consectetur. Eos officiis ea consequatur odio voluptatum. Unde perferendis voluptas accusamus.', 874, 3, 19, '2018-10-08 07:36:15', '2018-10-08 07:36:15'),
(41, 'cum', 'Rem modi voluptatem omnis voluptatibus velit. Id impedit reprehenderit illo et ut amet debitis. Rerum enim excepturi sint reiciendis rerum. Quis sed ut distinctio omnis alias.', 930, 3, 11, '2018-10-08 07:36:15', '2018-10-08 07:36:15'),
(42, 'labore', 'Culpa voluptas culpa consequatur. Sed minima qui officia. Accusantium consectetur placeat enim laborum eligendi itaque.', 920, 7, 18, '2018-10-08 07:36:15', '2018-10-08 07:36:15'),
(43, 'velit', 'Sed qui explicabo et. Et explicabo nemo explicabo veritatis. Ipsum qui reiciendis magni et earum dolores deleniti.', 400, 0, 14, '2018-10-08 07:36:15', '2018-10-08 07:36:15'),
(44, 'voluptatem', 'Quia aspernatur non totam eius deleniti. Deleniti et quaerat numquam facilis illo. Beatae voluptate nostrum odio assumenda ut expedita molestiae perferendis.', 716, 9, 29, '2018-10-08 07:36:15', '2018-10-08 07:36:15'),
(45, 'aut', 'Quidem ut libero esse unde officia eius aperiam est. Quibusdam totam omnis aperiam minus quas. Perspiciatis labore voluptates temporibus et qui aliquid rem. Eaque qui distinctio minus perspiciatis officiis. Porro eligendi debitis explicabo et quae.', 437, 6, 7, '2018-10-08 07:36:15', '2018-10-08 07:36:15'),
(46, 'qui', 'Est id rerum placeat. Dolorum iusto expedita dicta. Expedita omnis quibusdam maxime assumenda qui.', 129, 4, 18, '2018-10-08 07:36:15', '2018-10-08 07:36:15'),
(47, 'beatae', 'Et quis qui provident similique. Labore labore accusantium sint non optio sequi quia. Doloribus mollitia nihil consequatur quia est omnis incidunt cumque.', 621, 7, 4, '2018-10-08 07:36:15', '2018-10-08 07:36:15'),
(48, 'ut', 'Reiciendis at qui sed suscipit expedita officiis ut. Dolorem aperiam est laborum sint commodi beatae fuga odio. Sed nisi soluta consequatur.', 749, 7, 24, '2018-10-08 07:36:16', '2018-10-08 07:36:16'),
(49, 'ducimus', 'Deserunt perferendis ullam repudiandae pariatur vero. Tenetur velit voluptas et. Maxime aut excepturi quam tenetur repellendus eaque id. Omnis rerum excepturi ullam non aliquam sit id.', 905, 6, 11, '2018-10-08 07:36:16', '2018-10-08 07:36:16'),
(50, 'amet', 'Nihil voluptate veniam fuga et ipsa qui. Enim sint aperiam dolore autem quia consequuntur aliquam assumenda. Quis autem magni sequi consequatur totam omnis pariatur. Repudiandae et eum mollitia porro voluptas id tenetur.', 823, 1, 13, '2018-10-08 07:36:16', '2018-10-08 07:36:16');

-- --------------------------------------------------------

--
-- Estructura de tabla para la tabla `reviews`
--

CREATE TABLE `reviews` (
  `id` int(10) UNSIGNED NOT NULL,
  `product_id` int(10) UNSIGNED NOT NULL,
  `customer` varchar(190) COLLATE utf8mb4_unicode_ci NOT NULL,
  `review` text COLLATE utf8mb4_unicode_ci NOT NULL,
  `star` int(11) NOT NULL,
  `created_at` timestamp NULL DEFAULT NULL,
  `updated_at` timestamp NULL DEFAULT NULL
) ENGINE=InnoDB DEFAULT CHARSET=utf8mb4 COLLATE=utf8mb4_unicode_ci;

--
-- Volcado de datos para la tabla `reviews`
--

INSERT INTO `reviews` (`id`, `product_id`, `customer`, `review`, `star`, `created_at`, `updated_at`) VALUES
(1, 34, 'Hulda Marquardt', 'Reiciendis est eum veniam laboriosam. Vel omnis officia alias dolores cupiditate autem et. Quisquam accusamus quas enim voluptate atque consequatur commodi ut. Ea aut vero eligendi voluptate cumque nostrum. Quis quae perferendis nihil modi a voluptatem.', 5, '2018-10-08 07:36:17', '2018-10-08 07:36:17'),
(2, 6, 'Mertie Zieme', 'Labore provident nihil omnis est eos omnis. Nesciunt commodi quisquam quis quia ipsa eum ut vitae. Consequuntur id praesentium voluptatem voluptatem soluta quam assumenda. Error deserunt iure quibusdam sint aspernatur. Odit deleniti quia consequatur rerum.', 0, '2018-10-08 07:36:17', '2018-10-08 07:36:17'),
(3, 22, 'Mohammad Breitenberg', 'Nesciunt autem quia voluptatem optio iusto natus. Quo eius id molestiae est quis architecto optio. Excepturi nemo omnis consectetur facilis fugit libero. Provident eligendi et voluptatibus enim expedita nemo ea.', 3, '2018-10-08 07:36:17', '2018-10-08 07:36:17'),
(4, 26, 'Ms. Amiya Heathcote', 'Facere numquam est pariatur omnis. Fuga qui possimus id sapiente perferendis itaque laudantium.', 0, '2018-10-08 07:36:17', '2018-10-08 07:36:17'),
(5, 22, 'Ila Medhurst', 'Sint in tempora aut. Totam consectetur magnam illo aliquid. Aut non distinctio consequuntur distinctio doloribus quos quo. Officia et sequi enim assumenda maxime dolorem.', 0, '2018-10-08 07:36:17', '2018-10-08 07:36:17'),
(6, 13, 'Mr. Isaiah Schoen', 'Deleniti autem dolorum est velit aut natus. Ut beatae voluptate quis odit eligendi cupiditate totam.', 5, '2018-10-08 07:36:17', '2018-10-08 07:36:17'),
(7, 47, 'Mrs. Eunice Kuhlman', 'Magnam alias velit voluptatibus dolor laudantium autem modi sit. Qui vel qui ipsum fuga laudantium tempora reiciendis dolorum. Itaque laboriosam dolorem odit cupiditate at asperiores ut.', 1, '2018-10-08 07:36:17', '2018-10-08 07:36:17'),
(8, 47, 'Malcolm Zemlak', 'Id et neque explicabo ex vel aut aliquid. Voluptatum dolorem quia nam aspernatur. Optio velit sunt ea laboriosam amet.', 5, '2018-10-08 07:36:17', '2018-10-08 07:36:17'),
(9, 7, 'Jacquelyn Becker', 'Neque corrupti placeat assumenda reiciendis quo voluptas expedita praesentium. Dolor temporibus perferendis doloribus et eos vitae. Officia et sapiente error dolores voluptas molestias tenetur.', 3, '2018-10-08 07:36:17', '2018-10-08 07:36:17'),
(10, 34, 'Tomas Gislason', 'Id ut autem aut numquam sed voluptatem impedit. Et expedita omnis voluptates voluptate. Repellendus laudantium atque libero quos non omnis illo.', 4, '2018-10-08 07:36:17', '2018-10-08 07:36:17'),
(11, 5, 'Jett Fay', 'Blanditiis nulla minima quasi accusamus officia nihil in. Architecto et enim eum ad. Omnis quam voluptatem nulla quos atque expedita. Velit ab quis voluptatem. Facilis aliquid ut qui facilis.', 4, '2018-10-08 07:36:17', '2018-10-08 07:36:17'),
(12, 15, 'Mr. Reggie Cruickshank', 'Dicta sed natus voluptatem nesciunt dolorem et. Atque nulla quis sint hic quos repellendus quo. Et reiciendis qui ex atque officiis ipsam tempora.', 2, '2018-10-08 07:36:17', '2018-10-08 07:36:17'),
(13, 33, 'Mandy Heathcote', 'Quaerat est aliquid esse sit. Rerum facere quis quasi molestiae voluptatem id fugiat dolores. Dignissimos commodi aperiam id quas est nam ipsa animi. Eius modi dolorem vero aut dolores nemo.', 0, '2018-10-08 07:36:17', '2018-10-08 07:36:17'),
(14, 42, 'Donnell Doyle MD', 'Soluta adipisci quos et sequi aperiam at. Et delectus sit modi alias adipisci. Labore labore consequatur ut et. Ea animi occaecati architecto nesciunt libero. Atque assumenda totam aperiam qui saepe doloremque ut.', 1, '2018-10-08 07:36:17', '2018-10-08 07:36:17'),
(15, 8, 'Christian Runte', 'Omnis et asperiores molestiae dolor. Beatae numquam voluptas nostrum ea praesentium. Itaque mollitia natus rerum repellendus rerum.', 3, '2018-10-08 07:36:17', '2018-10-08 07:36:17'),
(16, 25, 'Stewart Rippin', 'Voluptas nulla aliquid esse nesciunt mollitia ratione inventore. Repellat ut sed asperiores corporis quibusdam aliquam. Sit rerum esse quaerat rerum natus enim earum.', 3, '2018-10-08 07:36:17', '2018-10-08 07:36:17'),
(17, 26, 'Braxton Raynor', 'Dignissimos similique alias explicabo expedita. Quo velit natus odit repudiandae autem occaecati quod consequuntur. Sed est quae vel accusantium similique explicabo.', 4, '2018-10-08 07:36:17', '2018-10-08 07:36:17'),
(18, 37, 'Johnnie Bauch', 'Eveniet illo id in inventore. Qui assumenda quas qui natus. Quia quaerat debitis nostrum ab vero amet odit earum. Nemo beatae quidem dignissimos nisi sit sit et. In non vitae officia facere qui dolorum.', 3, '2018-10-08 07:36:17', '2018-10-08 07:36:17'),
(19, 6, 'Dr. Jamar Corwin', 'Unde corrupti neque minima id enim voluptatem fugit. Praesentium autem animi placeat aperiam. Aut sit quasi consequatur nam enim.', 2, '2018-10-08 07:36:17', '2018-10-08 07:36:17'),
(20, 4, 'Dave Olson', 'Et odio ipsa aspernatur provident qui est. Est sint ea vel fugit.', 4, '2018-10-08 07:36:18', '2018-10-08 07:36:18'),
(21, 14, 'Mr. Pablo West', 'Dignissimos facilis voluptas laborum cum quia repellendus autem. Commodi excepturi animi ducimus hic necessitatibus. Praesentium necessitatibus quis cupiditate ab eum vitae ipsa. Voluptate alias magni libero.', 3, '2018-10-08 07:36:18', '2018-10-08 07:36:18'),
(22, 48, 'Layne Cormier', 'Vel et doloremque consequatur maiores sint. Non ea libero enim accusantium voluptas ut mollitia. Quisquam ab alias esse unde corporis at.', 4, '2018-10-08 07:36:18', '2018-10-08 07:36:18'),
(23, 25, 'Megane Mraz', 'Beatae explicabo minus ea doloremque esse dolor et omnis. Rerum sunt ullam sed dolores quis voluptatem. Unde vitae id at quia.', 5, '2018-10-08 07:36:18', '2018-10-08 07:36:18'),
(24, 39, 'Lurline Grimes', 'Quo doloremque temporibus ex optio. Eum sunt quam animi voluptatem ad. Quia aliquam voluptatum corrupti harum molestiae molestiae quidem numquam. In qui et officiis quae error.', 4, '2018-10-08 07:36:18', '2018-10-08 07:36:18'),
(25, 36, 'Prof. Yazmin Lakin V', 'Quasi accusantium ut quis asperiores consequatur iusto. Alias officiis enim repellat nam harum. At ipsum omnis corporis qui. Est quibusdam natus magni dolorem inventore.', 0, '2018-10-08 07:36:18', '2018-10-08 07:36:18'),
(26, 14, 'Miss Destiny Gerhold', 'Aliquam aut quibusdam est enim earum ratione accusantium at. Recusandae neque vero dolorem aut. Repudiandae iste aspernatur omnis itaque. Et nulla dolor repellat sapiente.', 5, '2018-10-08 07:36:18', '2018-10-08 07:36:18'),
(27, 27, 'Jaylen Goodwin', 'Id itaque hic consequatur at quia minima occaecati. Culpa praesentium quo molestiae. Error enim quia nemo ut.', 3, '2018-10-08 07:36:18', '2018-10-08 07:36:18'),
(28, 17, 'Newton Jenkins', 'Voluptates corporis est ipsa sit et cumque. Quam maiores cum similique voluptatem corporis. Sed dignissimos ut sint.', 2, '2018-10-08 07:36:18', '2018-10-08 07:36:18'),
(29, 12, 'Tobin Denesik', 'Voluptatem nulla quis quas suscipit. Eligendi ut et et dolores et voluptas debitis. Velit quo et delectus voluptas voluptatum sed.', 4, '2018-10-08 07:36:18', '2018-10-08 07:36:18'),
(30, 33, 'Dr. Tobin Stanton IV', 'Voluptatem doloribus eum omnis tenetur est dolores. Repellat dolorem distinctio nesciunt sequi culpa consectetur. Nisi nam iste dolor molestiae qui aperiam consectetur labore. Officiis veniam et et explicabo perferendis repellat officia.', 1, '2018-10-08 07:36:18', '2018-10-08 07:36:18'),
(31, 23, 'Cletus Stehr', 'Eveniet deserunt deserunt sed officia consequatur dolore consequatur. Enim voluptatum quis natus illo enim voluptates saepe.', 1, '2018-10-08 07:36:18', '2018-10-08 07:36:18'),
(32, 37, 'Mrs. Heaven O\'Hara', 'Voluptatem quia similique molestiae a veritatis aut. Omnis est eius eos est ea dolorem. Minus enim ut quae reprehenderit eligendi et voluptas. Aperiam quam soluta ab dicta unde ipsum optio asperiores.', 2, '2018-10-08 07:36:18', '2018-10-08 07:36:18'),
(33, 46, 'Gilda VonRueden', 'Placeat sed quibusdam velit ut. Accusantium est delectus eos eveniet labore dolorem.', 2, '2018-10-08 07:36:18', '2018-10-08 07:36:18'),
(34, 22, 'Melyna Pollich Jr.', 'Cupiditate incidunt voluptas quam illo qui sit. Et sed velit qui perferendis nulla cupiditate.', 4, '2018-10-08 07:36:18', '2018-10-08 07:36:18'),
(35, 11, 'Marcel Walsh', 'Nisi vel sint voluptatem voluptatibus. Officiis explicabo quo minus quod eaque. Voluptatem dolor possimus quis at. Quae sit qui assumenda inventore omnis.', 3, '2018-10-08 07:36:18', '2018-10-08 07:36:18'),
(36, 4, 'Theresia Schoen', 'Culpa et repellendus accusamus quibusdam vel. Ut culpa tempore adipisci earum rerum.', 3, '2018-10-08 07:36:18', '2018-10-08 07:36:18'),
(37, 48, 'Lizzie Mann DDS', 'Fuga illum maxime consequuntur quia dolorem quos sequi. Id officia praesentium assumenda. Ut eos iste aut adipisci.', 3, '2018-10-08 07:36:18', '2018-10-08 07:36:18'),
(38, 50, 'Prof. Tatum Heaney Jr.', 'Illum id necessitatibus assumenda sunt necessitatibus soluta. Fugit cumque impedit dignissimos dolor deserunt maiores numquam. Beatae officia accusamus dolor dignissimos. Ut suscipit maiores ex optio.', 4, '2018-10-08 07:36:18', '2018-10-08 07:36:18'),
(39, 24, 'Clemens Okuneva MD', 'Ipsa qui odit totam laboriosam sunt. Facere eligendi molestiae sed atque. Dolorem cupiditate quidem rerum ullam eveniet qui.', 3, '2018-10-08 07:36:19', '2018-10-08 07:36:19'),
(40, 3, 'Prof. Elena Shanahan Jr.', 'Ad suscipit non iusto et magnam. Dolor veritatis est odio voluptatum. Perspiciatis aliquam impedit autem reprehenderit aliquid ut quidem similique. Sed totam ipsam animi odit ullam.', 5, '2018-10-08 07:36:19', '2018-10-08 07:36:19'),
(41, 42, 'Josie Turner', 'Voluptas dolorem dolor vero. Dicta soluta quo maiores rerum aut necessitatibus sequi. Debitis non cum corrupti. Nostrum earum ex rerum.', 0, '2018-10-08 07:36:19', '2018-10-08 07:36:19'),
(42, 37, 'Florine Runolfsdottir', 'Qui ut eum soluta eligendi distinctio optio. Exercitationem quod aspernatur et modi inventore harum aut. Fugit voluptas et quisquam sunt ducimus dolor. Vero iure aut illum debitis et.', 4, '2018-10-08 07:36:19', '2018-10-08 07:36:19'),
(43, 35, 'Flo Feil', 'Deserunt in similique quia. Dolorum sit et tempore maxime. Quod quis est est placeat omnis beatae eligendi.', 1, '2018-10-08 07:36:19', '2018-10-08 07:36:19'),
(44, 24, 'Jeremie Mertz', 'Doloribus officia omnis dignissimos odio repellat. Incidunt dolorem omnis at et quo. Pariatur delectus odio laborum cumque praesentium possimus. Qui quia mollitia illum sit suscipit veniam qui.', 1, '2018-10-08 07:36:19', '2018-10-08 07:36:19'),
(45, 22, 'Pasquale Thiel', 'Ut harum quia sed aut. Delectus corrupti illo accusamus sit voluptatibus amet molestiae. Voluptatem quidem facilis dicta quibusdam.', 2, '2018-10-08 07:36:19', '2018-10-08 07:36:19'),
(46, 2, 'Ms. Earlene Sipes', 'Non aspernatur est natus aspernatur. Porro dolorem in amet voluptatem. Voluptatem voluptatem esse inventore maxime consequatur.', 0, '2018-10-08 07:36:19', '2018-10-08 07:36:19'),
(47, 27, 'Miss Ashtyn Gerhold', 'Quaerat vitae vero a quidem. Officia facere excepturi necessitatibus neque porro sed sit quaerat. Ut dolor enim molestiae sed. Commodi perspiciatis ipsa numquam voluptate dolore aut.', 5, '2018-10-08 07:36:19', '2018-10-08 07:36:19'),
(48, 44, 'Garnet Bernier PhD', 'Et et excepturi aut quia. Nesciunt saepe mollitia voluptatem sit enim ex dicta quis. Sed et officiis voluptate laudantium eos aut. Iure consequatur sed est enim minima eos.', 1, '2018-10-08 07:36:19', '2018-10-08 07:36:19'),
(49, 37, 'Mrs. Nicole Gulgowski', 'Vitae non reprehenderit repellat veniam qui possimus minus. Rem pariatur ex magnam nihil officiis molestias sunt. Consequuntur architecto quam est a iure natus. Voluptatem vel sit aliquid.', 2, '2018-10-08 07:36:19', '2018-10-08 07:36:19'),
(50, 36, 'Mrs. Lorna Bins', 'Quos unde qui at sunt. Sunt quas aut est praesentium. Aliquid ex illum quod vel eligendi ad deleniti reiciendis. Qui ad repellat itaque dolor natus.', 3, '2018-10-08 07:36:19', '2018-10-08 07:36:19'),
(51, 15, 'Ben Cartwright', 'Voluptatem est nihil dolor enim tempore. Nemo hic voluptatem dolore harum. Et nisi veniam dolorem officia. Numquam aperiam odio rerum voluptatem mollitia voluptatem veritatis.', 3, '2018-10-08 07:36:19', '2018-10-08 07:36:19'),
(52, 9, 'Aliya Hills', 'Similique rerum blanditiis ipsum corporis eum sit. Tempore molestiae eum doloribus hic. Laboriosam deserunt qui voluptate eos fugiat mollitia sit optio. Quam sit et maxime ratione quasi ea et.', 2, '2018-10-08 07:36:19', '2018-10-08 07:36:19'),
(53, 3, 'Trever Toy', 'Ipsam ut ducimus adipisci. Autem quis doloremque itaque est unde nemo. Labore laudantium laborum culpa placeat aliquid illum. Distinctio ex animi reiciendis totam corporis atque fuga.', 0, '2018-10-08 07:36:19', '2018-10-08 07:36:19'),
(54, 13, 'Kristofer Metz', 'Quod reprehenderit iure veritatis ipsum sint. Officia distinctio et ad eos. Fugiat cupiditate ratione odio sunt rerum animi sed iusto. Repellat dolores voluptatem ad tenetur quia.', 4, '2018-10-08 07:36:19', '2018-10-08 07:36:19'),
(55, 23, 'Julie Stark DDS', 'Harum consequuntur voluptatem deserunt qui. Sit dolor est iusto sequi provident eaque. Et non sapiente eveniet fugiat. Et aut aut fugiat laudantium quidem.', 3, '2018-10-08 07:36:19', '2018-10-08 07:36:19'),
(56, 31, 'Mrs. Audreanne Hauck DVM', 'Ullam hic reiciendis doloribus voluptatem corporis. Quas voluptates dolorem et hic. Atque nobis molestiae qui ullam.', 1, '2018-10-08 07:36:19', '2018-10-08 07:36:19'),
(57, 8, 'Mr. Salvador Heller I', 'Sit odit odit porro. Tempora ut et pariatur eum odio voluptas cupiditate. Ratione totam et porro fugiat dignissimos.', 0, '2018-10-08 07:36:19', '2018-10-08 07:36:19'),
(58, 3, 'Miss Oleta Langosh', 'Sapiente voluptas ducimus dolore ipsum. Ipsum est provident voluptas repellendus perspiciatis. Rerum deserunt eos modi adipisci tempora nostrum ipsam est. Aliquam et molestiae repellat consequuntur. Aut qui harum ab est consequatur est.', 3, '2018-10-08 07:36:19', '2018-10-08 07:36:19'),
(59, 38, 'Elda Roberts', 'Ut et ut nostrum qui quia dolorum iure. Voluptatem ut dolor sit et. Sed voluptatem consequuntur doloribus quas magnam. Quia iste quia eius et ullam vero. Nihil nobis laboriosam voluptatem blanditiis.', 0, '2018-10-08 07:36:19', '2018-10-08 07:36:19'),
(60, 5, 'Lillian Ruecker', 'Velit minus vel non aut illum possimus laboriosam. Vel laudantium sit perferendis cumque illo sed eos.', 2, '2018-10-08 07:36:19', '2018-10-08 07:36:19'),
(61, 45, 'Rosetta Kemmer', 'Ipsa dolores id rerum non dolorum eum sint. Iusto ipsam aut necessitatibus eius.', 2, '2018-10-08 07:36:20', '2018-10-08 07:36:20'),
(62, 34, 'Jaycee Mills', 'Rerum omnis molestiae veniam. Sed sequi id id quo aut. Ex non vitae quas enim voluptas. Dolorem repellat dolor quam rerum id non id. Aut quis hic tempora nulla.', 3, '2018-10-08 07:36:20', '2018-10-08 07:36:20'),
(63, 32, 'Curt Gerlach', 'Quae itaque facilis necessitatibus explicabo ad. Occaecati quos veritatis molestiae aspernatur rerum optio. Consequatur dolorem nisi facilis voluptates odit. Similique ducimus aliquid illum sed.', 4, '2018-10-08 07:36:20', '2018-10-08 07:36:20'),
(64, 48, 'Annabell Hamill', 'Perspiciatis repellat error in reprehenderit fugit quo. Cumque laboriosam qui temporibus natus sit a. Autem ad dolorum neque recusandae id veniam.', 1, '2018-10-08 07:36:20', '2018-10-08 07:36:20'),
(65, 24, 'Dr. Cortez Botsford', 'Harum error eius aliquam cumque voluptatum rerum accusantium. Est atque excepturi reiciendis veritatis explicabo qui. Corporis consequatur reiciendis enim ut possimus ad aut voluptatibus.', 3, '2018-10-08 07:36:20', '2018-10-08 07:36:20'),
(66, 21, 'Winona Bednar', 'Impedit et consequuntur quasi ipsum accusamus assumenda. Temporibus repellat non occaecati at atque dignissimos odio. Velit nihil sit id provident. Quia voluptatibus officia laboriosam necessitatibus sunt ipsa consequatur libero. Quidem impedit asperiores adipisci.', 5, '2018-10-08 07:36:20', '2018-10-08 07:36:20'),
(67, 40, 'Miss Madilyn Bradtke V', 'Iusto quo neque velit magni. Neque commodi quo harum. Dolorum exercitationem est quidem esse error aut ipsa.', 0, '2018-10-08 07:36:20', '2018-10-08 07:36:20'),
(68, 39, 'Marlen Robel', 'Odio provident sit dolores aliquid aliquid. Voluptatem enim ut quia quo. Quae quia ullam ut.', 2, '2018-10-08 07:36:20', '2018-10-08 07:36:20'),
(69, 43, 'Filomena Schroeder Jr.', 'Eum eos impedit natus itaque facere. Enim eaque deleniti harum ipsam cupiditate officiis amet sapiente. Esse ut commodi tempora officia voluptatem tenetur.', 4, '2018-10-08 07:36:20', '2018-10-08 07:36:20'),
(70, 20, 'Domenico Spencer', 'Voluptatem soluta facilis atque eveniet. Magni rerum eum alias quam sit. Odio nisi illo ut dolorem labore eligendi ex. Et vel quis placeat commodi.', 4, '2018-10-08 07:36:20', '2018-10-08 07:36:20'),
(71, 36, 'Seth Hodkiewicz', 'Ab sint omnis saepe dicta et fugit a molestias. Sunt provident aperiam sunt quos voluptate. Molestiae consequatur ducimus animi et molestiae expedita.', 2, '2018-10-08 07:36:20', '2018-10-08 07:36:20'),
(72, 8, 'Dr. Annetta Jones V', 'Voluptas qui sunt consequatur consequatur facilis eveniet ullam eos. Exercitationem enim impedit porro. Qui distinctio reiciendis quae quisquam est eos.', 2, '2018-10-08 07:36:20', '2018-10-08 07:36:20'),
(73, 37, 'Dr. Sadie Kertzmann', 'Quisquam non eos perferendis necessitatibus dolores quod. Asperiores cum dignissimos officia voluptatem voluptas quo quo a. Qui nulla hic cum cum quo et vel.', 2, '2018-10-08 07:36:20', '2018-10-08 07:36:20'),
(74, 37, 'Dr. Valentin Barrows Sr.', 'Earum laborum beatae sit dignissimos sed temporibus qui. Doloremque maiores enim dolore. Autem ea id est. Est rem velit eveniet voluptas alias doloribus ea non.', 1, '2018-10-08 07:36:20', '2018-10-08 07:36:20'),
(75, 10, 'Joelle Conn', 'Minima esse dolorem magni aperiam autem in itaque. Unde quam sit velit dolor sed. Illum quia et soluta id. Velit sint enim qui. Culpa aliquid aperiam dolores magni optio.', 2, '2018-10-08 07:36:20', '2018-10-08 07:36:20'),
(76, 2, 'Prof. Leonor Mohr', 'Fugit a quasi et doloremque. Architecto temporibus aliquid eos voluptates illum alias maxime. Dolor voluptatem consequatur consequatur magni commodi.', 1, '2018-10-08 07:36:20', '2018-10-08 07:36:20'),
(77, 3, 'Dr. Lauretta O\'Connell', 'Aspernatur ad et atque modi sit aut. Est nisi sit et quia excepturi officia iste. Voluptatum tempore sit molestiae in.', 1, '2018-10-08 07:36:20', '2018-10-08 07:36:20'),
(78, 41, 'Reta Yundt', 'Iusto enim ut repudiandae autem perspiciatis. Laudantium tempora doloremque quo culpa quia non et voluptate. Iusto quia consequatur quo eligendi et vel id. Quia nostrum reprehenderit culpa hic labore.', 4, '2018-10-08 07:36:20', '2018-10-08 07:36:20'),
(79, 15, 'Miss Anya Kling DDS', 'Consequatur inventore aspernatur natus. Error est ea aut et tenetur. Quo incidunt eligendi voluptates blanditiis qui beatae.', 3, '2018-10-08 07:36:20', '2018-10-08 07:36:20'),
(80, 23, 'Ms. Dora Nolan', 'Voluptas consequatur porro et laudantium quibusdam voluptatem. Modi qui odit sint rerum. Exercitationem qui nulla corporis sint non maxime quo.', 3, '2018-10-08 07:36:20', '2018-10-08 07:36:20'),
(81, 10, 'Mr. Orin Hoeger', 'Aspernatur quas odio ea. Mollitia molestiae at beatae placeat iure sed ea. Porro vero quia omnis eum. Dolor recusandae neque recusandae.', 1, '2018-10-08 07:36:20', '2018-10-08 07:36:20'),
(82, 26, 'Karley Klein DDS', 'Atque aut consequatur recusandae consectetur. Officia quo est suscipit.', 5, '2018-10-08 07:36:20', '2018-10-08 07:36:20'),
(83, 44, 'Camryn Kuhn I', 'Eius facilis reprehenderit debitis consequatur. Vitae porro velit facere earum veritatis ipsa hic et. Nostrum quam culpa minima tenetur illum atque.', 1, '2018-10-08 07:36:21', '2018-10-08 07:36:21'),
(84, 4, 'Rod Schroeder', 'Illum sapiente magni necessitatibus harum vel aut et. Reiciendis libero quia voluptatum dolor. Explicabo beatae mollitia praesentium iusto molestiae nulla.', 5, '2018-10-08 07:36:21', '2018-10-08 07:36:21'),
(85, 33, 'Mireille Senger', 'Nobis rem et incidunt reiciendis rem reprehenderit. Officia labore dolore beatae nesciunt numquam recusandae aut. Quis illo praesentium laudantium assumenda sit et quam. Officiis velit dolor nesciunt et quia eos.', 4, '2018-10-08 07:36:21', '2018-10-08 07:36:21'),
(86, 47, 'Marco Schowalter PhD', 'Et omnis beatae est eos dolorum. Omnis soluta laudantium sit quos amet culpa. Temporibus illo qui temporibus doloremque dolorem tenetur dolores. Facere libero iure libero illum.', 0, '2018-10-08 07:36:21', '2018-10-08 07:36:21'),
(87, 32, 'Ebba Grant', 'Quibusdam itaque qui distinctio cumque at ex. Quis voluptatem molestiae nemo. Molestias totam sed fugit cum.', 2, '2018-10-08 07:36:21', '2018-10-08 07:36:21'),
(88, 12, 'Okey Jacobson', 'Repudiandae quia qui tempore deleniti cupiditate qui. Aut dicta est omnis tempore rerum voluptatem sunt consequatur. Excepturi et ut sit reiciendis.', 5, '2018-10-08 07:36:21', '2018-10-08 07:36:21'),
(89, 32, 'Jennings Zboncak', 'Architecto officia minus eius qui non dolorum rerum. Expedita error sit saepe quo doloribus et sequi. Reiciendis ut voluptatibus autem asperiores et. Repudiandae asperiores reprehenderit aut eius et quibusdam.', 3, '2018-10-08 07:36:21', '2018-10-08 07:36:21'),
(90, 26, 'Horace Wisoky', 'Quasi aut sit non ea doloremque doloribus. Sint laborum sit repellendus ut. Assumenda suscipit est tempore.', 4, '2018-10-08 07:36:21', '2018-10-08 07:36:21'),
(91, 22, 'Dr. Dena Dickinson II', 'Modi maiores molestiae numquam laboriosam possimus. Nobis blanditiis quia laborum expedita incidunt exercitationem. Molestias omnis ipsam quis facilis atque amet. Similique deserunt quia sed temporibus voluptatibus.', 5, '2018-10-08 07:36:21', '2018-10-08 07:36:21'),
(92, 36, 'Charlene McClure', 'Natus ut culpa accusamus ipsum debitis ut non. Fuga suscipit corporis eaque facilis recusandae.', 5, '2018-10-08 07:36:21', '2018-10-08 07:36:21'),
(93, 50, 'Dr. Lon O\'Kon MD', 'Accusantium vel quos exercitationem dolores labore. Eveniet recusandae a modi et sed magnam. Saepe voluptas omnis atque sit.', 5, '2018-10-08 07:36:21', '2018-10-08 07:36:21'),
(94, 5, 'Dr. Mossie Bins', 'Nam deleniti adipisci voluptates. Consequatur nobis dolor ipsa ipsa maiores provident voluptate excepturi. Voluptas facilis laudantium animi et. Laborum aut deleniti consequatur ducimus est repudiandae hic.', 1, '2018-10-08 07:36:21', '2018-10-08 07:36:21'),
(95, 30, 'Prof. Carol Thompson', 'Hic nisi modi deserunt rerum asperiores qui qui. Dolorem qui adipisci adipisci ad possimus. Qui omnis qui et et sed cupiditate vel.', 4, '2018-10-08 07:36:21', '2018-10-08 07:36:21'),
(96, 10, 'Leda Davis', 'Iusto non excepturi autem ex et qui consectetur. Sit odit minus vel autem. Corporis ut dignissimos fugit voluptatem cupiditate. Ut dolorem voluptatibus qui impedit sunt minus molestias.', 5, '2018-10-08 07:36:21', '2018-10-08 07:36:21'),
(97, 10, 'Miss Kellie Stark', 'Quia et facere dolorum vel. Nam dolore corporis sed aliquam. Ratione sed deserunt minus sint et aliquid atque sit. Accusantium provident aut dolorem ut atque placeat asperiores.', 1, '2018-10-08 07:36:21', '2018-10-08 07:36:21'),
(98, 2, 'Ernestine Treutel', 'Est est quas voluptates sed id maxime illo. Et nulla labore natus voluptate.', 1, '2018-10-08 07:36:21', '2018-10-08 07:36:21'),
(99, 50, 'Dr. Ivy Lueilwitz II', 'Nihil dolor quidem consequatur quas dicta voluptas. Sapiente repellat quia quisquam earum rem repellat rerum. Consequatur sint quibusdam est debitis est totam quis.', 1, '2018-10-08 07:36:21', '2018-10-08 07:36:21'),
(100, 13, 'Annabel Towne', 'Ratione sed voluptas enim recusandae nihil expedita ex. Molestiae doloremque at et.', 3, '2018-10-08 07:36:21', '2018-10-08 07:36:21'),
(101, 31, 'Florine Dickens', 'Perspiciatis velit officiis id laborum. Expedita sed qui quam id. Eum voluptas dolor inventore quo numquam dicta et. Magni dignissimos dicta id quibusdam nihil.', 5, '2018-10-08 07:36:21', '2018-10-08 07:36:21'),
(102, 1, 'Alexandria Von', 'Odio id rerum quo laboriosam. Facere inventore facere corrupti quia et.', 1, '2018-10-08 07:36:21', '2018-10-08 07:36:21'),
(103, 47, 'Leila Weissnat', 'Qui sit labore veniam soluta vitae. Voluptatem ipsam enim delectus distinctio sed qui. Maiores nihil omnis aliquam. Est qui quibusdam expedita aliquid alias inventore voluptatibus. Veniam sit ut temporibus et fugit qui vel.', 3, '2018-10-08 07:36:21', '2018-10-08 07:36:21'),
(104, 24, 'Jefferey Rath', 'Voluptates possimus aut est dolorem unde dolor. Blanditiis ea sapiente perferendis. Dolores animi molestiae nam ab. Est ipsam possimus nesciunt.', 5, '2018-10-08 07:36:21', '2018-10-08 07:36:21'),
(105, 7, 'Cortney Brown', 'Sed quas laboriosam nihil. Doloribus eos velit fugit sed ut. Vel adipisci vel nemo voluptatum culpa hic blanditiis.', 1, '2018-10-08 07:36:21', '2018-10-08 07:36:21'),
(106, 46, 'Dave Torp', 'Et velit nostrum veritatis repellendus ipsa quae sed. A quis enim placeat illo. Vel itaque sit nisi eum. Eos et consectetur voluptatem similique.', 3, '2018-10-08 07:36:21', '2018-10-08 07:36:21'),
(107, 41, 'Elna Watsica', 'Consectetur tenetur facilis exercitationem illum temporibus. Qui molestiae qui velit fugit voluptatem rem iusto. Repudiandae sunt assumenda aliquid dolore ab qui. Recusandae non sit qui saepe.', 3, '2018-10-08 07:36:21', '2018-10-08 07:36:21'),
(108, 25, 'Jeffrey Purdy III', 'Quo qui enim non. Sit occaecati non tempore veniam ut sed omnis. Ratione aut exercitationem et voluptatem labore doloribus. Nihil praesentium sit quae vero autem dolorum.', 3, '2018-10-08 07:36:21', '2018-10-08 07:36:21'),
(109, 39, 'Marisol Heathcote', 'Sit iure et occaecati. Atque est est sed aut dolor pariatur ea. Consectetur quos nemo occaecati assumenda.', 3, '2018-10-08 07:36:21', '2018-10-08 07:36:21'),
(110, 35, 'Elise Fritsch', 'Maiores nobis voluptatem tenetur sapiente ut dolores facere. Quo et voluptas animi ut. Modi consequuntur sint est.', 1, '2018-10-08 07:36:21', '2018-10-08 07:36:21'),
(111, 13, 'Prof. Juston Casper', 'Dicta qui eum debitis omnis sed. Non quae corrupti perferendis dolorum dolor. Perspiciatis doloribus possimus quibusdam voluptas ratione voluptas.', 0, '2018-10-08 07:36:21', '2018-10-08 07:36:21'),
(112, 13, 'Vicenta Williamson', 'Rerum cupiditate tempore odio amet. Ullam nesciunt qui qui odio perferendis. Blanditiis quibusdam eum error laudantium adipisci aut.', 4, '2018-10-08 07:36:21', '2018-10-08 07:36:21'),
(113, 4, 'Eldora Torp', 'Quia nobis repellendus minus nihil ratione vel est. Repudiandae qui aut dolorem autem beatae voluptatum. Delectus exercitationem et sed consequatur aut non. Consequuntur veritatis mollitia commodi.', 5, '2018-10-08 07:36:21', '2018-10-08 07:36:21'),
(114, 7, 'Ole Kohler', 'Suscipit rerum at voluptatem rerum dolores sed eveniet. Neque voluptatem ab dolor beatae excepturi. Repellat explicabo magnam corporis recusandae.', 1, '2018-10-08 07:36:21', '2018-10-08 07:36:21'),
(115, 43, 'Mathew Maggio', 'Rerum sit eius alias non ut soluta. Reiciendis voluptate et dolores aut exercitationem qui. Possimus nemo harum perspiciatis consequatur.', 1, '2018-10-08 07:36:22', '2018-10-08 07:36:22'),
(116, 5, 'Miss Rosella Bayer DDS', 'Perferendis ducimus dolores nulla velit quia. Quia vitae et autem non nisi iure illo. Corporis earum itaque qui consequatur aut fugiat hic porro. Animi eius est sint qui nisi iure.', 3, '2018-10-08 07:36:22', '2018-10-08 07:36:22'),
(117, 31, 'Ms. Otilia Marvin', 'Vitae occaecati deserunt itaque ea reprehenderit. Doloremque quis sint necessitatibus esse error suscipit dolores.', 0, '2018-10-08 07:36:22', '2018-10-08 07:36:22'),
(118, 7, 'Micah Stoltenberg', 'Sapiente porro nisi id. Ducimus quibusdam modi sit rem esse dolorem. Et quia voluptatem doloribus sit.', 0, '2018-10-08 07:36:22', '2018-10-08 07:36:22'),
(119, 48, 'Johnny Pacocha', 'Odit beatae odio fugit et. Et nulla ea nihil eaque ab sint. Occaecati neque quod et adipisci impedit iure sint.', 0, '2018-10-08 07:36:22', '2018-10-08 07:36:22'),
(120, 6, 'Miss Emelie Gleichner', 'Natus ratione et non voluptas. Sunt exercitationem accusamus reiciendis recusandae molestiae praesentium. Qui accusamus maiores dolor reiciendis quam odio cum. Quae fugiat commodi excepturi.', 0, '2018-10-08 07:36:22', '2018-10-08 07:36:22'),
(121, 2, 'Jared Marquardt', 'Veniam libero vitae sint. Molestiae voluptas quia possimus repellendus impedit. Quia facere odio sint et nihil quidem. Qui quia expedita qui id. Recusandae voluptas id et sed veritatis tempora quas blanditiis.', 3, '2018-10-08 07:36:22', '2018-10-08 07:36:22'),
(122, 36, 'Delaney Stroman', 'Aut aut dolores voluptas ipsum molestiae. Debitis itaque autem esse odit. Illo saepe suscipit ipsum possimus officia tenetur.', 5, '2018-10-08 07:36:22', '2018-10-08 07:36:22'),
(123, 3, 'Prof. Freeman Jast', 'Et consectetur autem ullam vitae deserunt et neque et. Omnis ipsum dolorem quasi atque. Voluptatem laboriosam commodi quaerat molestiae modi quae.', 4, '2018-10-08 07:36:22', '2018-10-08 07:36:22'),
(124, 17, 'Ms. Brandy Wisozk V', 'Necessitatibus sint voluptatibus accusantium. Laborum et minima esse est expedita ullam. Quia velit autem veniam a expedita sed. Id saepe qui laboriosam assumenda quaerat tenetur nihil. Magni sit earum ducimus reprehenderit.', 2, '2018-10-08 07:36:22', '2018-10-08 07:36:22'),
(125, 37, 'Marianne Bartoletti DVM', 'Error harum tenetur sapiente quo. Maxime culpa cumque saepe explicabo. Consectetur accusamus ut veritatis minima adipisci. Ut vero voluptatem et voluptate non. Molestiae enim doloribus temporibus rerum sed et quas non.', 5, '2018-10-08 07:36:22', '2018-10-08 07:36:22'),
(126, 18, 'Miss Dovie Koepp III', 'Nihil autem expedita perferendis dolor itaque consectetur. Sapiente cupiditate id aut dolorem. Vel eaque sed reiciendis dignissimos perferendis non harum. Aliquid rerum qui autem soluta dolor at.', 4, '2018-10-08 07:36:22', '2018-10-08 07:36:22'),
(127, 25, 'Lindsay Veum', 'Autem corrupti quisquam veniam iure. Voluptatem aut ipsam quia facere accusantium. Consequatur autem sit consequuntur et corrupti ratione. Sequi expedita temporibus quos.', 3, '2018-10-08 07:36:22', '2018-10-08 07:36:22'),
(128, 38, 'Leanna Stark', 'Sit incidunt voluptatem illo qui. Harum unde dolores aut. Doloribus minus cum hic aut. Quasi esse voluptates voluptatem omnis.', 4, '2018-10-08 07:36:22', '2018-10-08 07:36:22'),
(129, 8, 'Dr. Reba Rau V', 'Dolorem molestiae quasi deserunt ut non. Ipsum aliquid rerum ab est in molestiae. Iure culpa quas consequatur laborum accusantium.', 2, '2018-10-08 07:36:22', '2018-10-08 07:36:22'),
(130, 35, 'Cary Kemmer', 'Occaecati eligendi ipsa est quidem aliquam voluptas. Eaque incidunt quia at et consectetur. Nam architecto magnam rerum excepturi. Voluptate laboriosam quam quam eos rerum.', 5, '2018-10-08 07:36:22', '2018-10-08 07:36:22'),
(131, 44, 'Katarina Ernser', 'Expedita quia excepturi et officiis eos occaecati et. Ullam nulla qui vel aliquid voluptas. Repellat hic occaecati quae quae fugit qui.', 2, '2018-10-08 07:36:22', '2018-10-08 07:36:22'),
(132, 7, 'Devante Parker', 'Eos quos harum sequi dignissimos sit deleniti minima. Sed quos eum sequi incidunt animi voluptatum consequatur. Molestias minus dolorem fugiat architecto.', 3, '2018-10-08 07:36:22', '2018-10-08 07:36:22'),
(133, 28, 'Consuelo Lebsack IV', 'Laudantium dignissimos asperiores id est omnis. Enim debitis iusto aut. Voluptas molestiae ut sint sed ex.', 0, '2018-10-08 07:36:22', '2018-10-08 07:36:22'),
(134, 33, 'Kelvin Stiedemann', 'Expedita aliquam atque qui quasi rerum. Et accusantium ut amet est maiores. Dolor dicta aut aut. Consequatur aut omnis beatae ut ut.', 2, '2018-10-08 07:36:22', '2018-10-08 07:36:22'),
(135, 10, 'Mittie Legros', 'Eaque vel omnis quos assumenda neque et porro quo. Sunt eum odit itaque quasi aut itaque eum. Aperiam non quia eos unde expedita quia et.', 5, '2018-10-08 07:36:22', '2018-10-08 07:36:22'),
(136, 46, 'Grant Gibson', 'Hic consequatur eum ut saepe est ullam. Perspiciatis aliquam aliquam officia. Eos ut non officia illo ipsum exercitationem enim.', 0, '2018-10-08 07:36:22', '2018-10-08 07:36:22'),
(137, 27, 'Mrs. Krystel Paucek III', 'Sint optio nisi ut sit. Velit optio omnis corporis non. Quas fugit qui ratione sit harum soluta delectus magni. Perferendis occaecati sequi accusantium dolorem autem enim.', 5, '2018-10-08 07:36:22', '2018-10-08 07:36:22'),
(138, 31, 'Ewell Parisian', 'Recusandae quos doloremque in at assumenda quidem et. Dolore quos nihil aut. Commodi est nam beatae similique voluptatem ut omnis.', 1, '2018-10-08 07:36:22', '2018-10-08 07:36:22'),
(139, 16, 'Gavin Bernhard PhD', 'Aut et qui enim porro voluptate similique quod. Quis natus quod cum enim. Laudantium quo ipsa dolores esse enim neque. Velit maiores in nesciunt est quam non est.', 4, '2018-10-08 07:36:23', '2018-10-08 07:36:23'),
(140, 6, 'Dr. Josefina Yost', 'Animi odit similique ipsam quia quis quam ex. Corporis tempore suscipit libero dolorem ut ut. Et est quae voluptate voluptas.', 4, '2018-10-08 07:36:23', '2018-10-08 07:36:23'),
(141, 19, 'Theron Graham Jr.', 'Nisi ipsa et vero odit cum. Vitae fugit alias perferendis perferendis quia cum. Quidem iusto iure pariatur perferendis neque ut labore debitis.', 3, '2018-10-08 07:36:23', '2018-10-08 07:36:23'),
(142, 9, 'Quinton Wyman', 'Molestias tempora temporibus voluptas consequuntur. Necessitatibus et quas est culpa exercitationem modi ipsa sint. Repellat nesciunt sint est est reiciendis est. Libero rerum architecto magnam sed harum nisi quis.', 0, '2018-10-08 07:36:23', '2018-10-08 07:36:23'),
(143, 33, 'Shyann Champlin', 'Voluptate ut tempora inventore consequatur mollitia. Aliquam nisi autem reiciendis sint ducimus quasi. Nobis eius consequatur natus odio. Quia aut quibusdam perferendis quia eum deleniti ut laboriosam.', 4, '2018-10-08 07:36:23', '2018-10-08 07:36:23'),
(144, 15, 'Miss Beaulah Fadel DDS', 'Voluptatem ratione enim illo ea. Repudiandae perspiciatis corrupti minima modi molestias velit. Sint ea distinctio et.', 5, '2018-10-08 07:36:23', '2018-10-08 07:36:23'),
(145, 25, 'Weston Conn II', 'Dicta ea dolores reiciendis fugit voluptate. Facilis perferendis velit tenetur magni tempore eligendi voluptas.', 3, '2018-10-08 07:36:23', '2018-10-08 07:36:23'),
(146, 38, 'Anika Emard', 'Cum earum provident officia sunt omnis. Accusantium at qui eveniet iure alias est numquam fugiat. Ea et aut ab ad. Similique culpa ea et maxime perferendis libero rem error. Et adipisci ea officia.', 2, '2018-10-08 07:36:23', '2018-10-08 07:36:23'),
(147, 22, 'Prof. Shirley Botsford DVM', 'Officiis voluptatem mollitia iure perferendis. Consectetur maiores autem sapiente nemo non fugit. Amet blanditiis autem non aut voluptatem quae ducimus saepe.', 4, '2018-10-08 07:36:23', '2018-10-08 07:36:23'),
(148, 42, 'Prof. Eladio Okuneva V', 'Qui iusto non deleniti aspernatur dolorum aspernatur aut eligendi. Ut voluptatem quibusdam amet ut. Dolores harum et aut similique quia accusantium culpa.', 5, '2018-10-08 07:36:23', '2018-10-08 07:36:23'),
(149, 20, 'Ciara Glover', 'Voluptas ipsam dolorum modi quia assumenda nihil eveniet incidunt. Laudantium autem vel nihil non voluptatem expedita dolore. Placeat aliquid voluptatum in qui ut. Quaerat pariatur rerum molestiae labore odio occaecati quia.', 2, '2018-10-08 07:36:23', '2018-10-08 07:36:23'),
(150, 28, 'Dr. Maximillia Kassulke', 'Est vel magnam dolores explicabo sed error. Iusto corrupti aut asperiores molestiae ea. Dolorum ratione nam earum ratione aspernatur. Numquam et cumque et et ut temporibus eveniet.', 4, '2018-10-08 07:36:23', '2018-10-08 07:36:23'),
(151, 22, 'Fanny Will', 'Ut voluptatem occaecati magnam. Labore exercitationem nobis repudiandae recusandae. Rerum eligendi sit voluptatem ea ex unde mollitia aliquid. Inventore cupiditate rerum et aperiam.', 4, '2018-10-08 07:36:23', '2018-10-08 07:36:23'),
(152, 21, 'Jessie Schumm V', 'Consectetur qui voluptatum ut provident recusandae. Laboriosam sed quis et vitae. Quae hic rem ducimus ad vel. Quibusdam in nesciunt facilis similique impedit aut id repellendus.', 0, '2018-10-08 07:36:23', '2018-10-08 07:36:23'),
(153, 33, 'Dr. Ottilie Hamill III', 'Consequatur consequuntur ea sed sit laborum fugit rem. Ipsum est repudiandae aspernatur quo ut quae et. Ut dolorem placeat nemo consequuntur laborum corrupti qui facere.', 5, '2018-10-08 07:36:23', '2018-10-08 07:36:23'),
(154, 46, 'Dr. Gaston Grady', 'Ipsam corporis dicta ad quia error ducimus quae. Quo omnis tempora qui dolores et expedita eius. Amet explicabo esse illum autem delectus fugit voluptas. Totam nostrum ut qui consequatur reiciendis.', 5, '2018-10-08 07:36:23', '2018-10-08 07:36:23'),
(155, 36, 'Aniya O\'Conner Sr.', 'Incidunt dolorem unde omnis. Dicta commodi molestias et quia facilis iste. Sequi eos voluptas cumque hic eos.', 4, '2018-10-08 07:36:23', '2018-10-08 07:36:23'),
(156, 34, 'Dr. Toby Gislason I', 'Sit aut eum delectus cum nesciunt. Recusandae error amet debitis voluptas minus quis. Quisquam hic vitae qui ut rerum neque molestias.', 1, '2018-10-08 07:36:23', '2018-10-08 07:36:23'),
(157, 23, 'Mr. Rogers Zemlak', 'Totam sed eum optio eum possimus earum. Beatae nam dolore quia velit. Est sequi et repudiandae saepe doloremque cumque tempore. Reiciendis explicabo quas qui expedita aut cumque et sed.', 3, '2018-10-08 07:36:23', '2018-10-08 07:36:23'),
(158, 8, 'Stevie Ritchie DDS', 'Soluta fugit qui placeat veniam doloremque nostrum sint voluptatibus. Iusto in perspiciatis quo perspiciatis est minima. Ipsum qui et ad sequi voluptas deserunt ipsa. Natus doloribus ut et voluptatem nam id iusto.', 3, '2018-10-08 07:36:23', '2018-10-08 07:36:23'),
(159, 31, 'Marta Hill', 'Deleniti sunt nihil aut dolorem amet officiis ipsum. Aut qui illo necessitatibus error aut. Optio molestias pariatur et et asperiores minima similique. Nostrum delectus sed aperiam laborum unde delectus et.', 1, '2018-10-08 07:36:23', '2018-10-08 07:36:23'),
(160, 5, 'Zoe Blick Sr.', 'Et ipsum est ut dolores quisquam voluptas. Corporis repudiandae quia quia nemo doloribus et. Et ex accusantium eius sed. Cum aut quo accusamus repudiandae quidem.', 3, '2018-10-08 07:36:23', '2018-10-08 07:36:23'),
(161, 30, 'Brett Yost', 'Quibusdam id facilis sit recusandae voluptatem facilis. Iure fuga nostrum autem sunt dicta modi expedita. Nihil voluptas doloribus tenetur ut repellat.', 2, '2018-10-08 07:36:23', '2018-10-08 07:36:23'),
(162, 20, 'Miss Scarlett Murazik', 'Nesciunt aut impedit ut temporibus. Id hic rerum praesentium corporis commodi esse error et. Qui eum quia repellat dolor velit.', 1, '2018-10-08 07:36:23', '2018-10-08 07:36:23'),
(163, 26, 'Katlynn Zemlak MD', 'Sunt sunt eos mollitia nemo temporibus. Ad culpa incidunt molestiae. Ex laudantium soluta in ex porro. Reprehenderit eaque quod sit recusandae et temporibus architecto aut.', 3, '2018-10-08 07:36:23', '2018-10-08 07:36:23'),
(164, 31, 'Kayley Kautzer DVM', 'Ea vel et quia ut soluta temporibus laudantium. Non veritatis cumque dolor non repellendus vel veritatis. Aliquid voluptas non sed illo ipsam sed ratione exercitationem. Ipsa dolor repellat excepturi quae rerum error. Dolores consequatur qui soluta aliquam nihil delectus.', 1, '2018-10-08 07:36:23', '2018-10-08 07:36:23'),
(165, 49, 'Ms. Ella Treutel', 'Atque assumenda non perferendis explicabo error est sit facere. Consequuntur numquam suscipit deserunt. Facilis vitae tempora sed est.', 1, '2018-10-08 07:36:23', '2018-10-08 07:36:23'),
(166, 18, 'Prof. Bennett Schowalter III', 'Iste qui tenetur corrupti sapiente id et. Laborum odit nihil impedit. Omnis tempora quisquam magni quia.', 1, '2018-10-08 07:36:23', '2018-10-08 07:36:23'),
(167, 2, 'Mrs. Hertha Pagac', 'Nesciunt eaque nemo recusandae labore est. Quo non odit quam explicabo quos voluptas. Qui reiciendis libero temporibus corrupti voluptatem eveniet. Fugit facere rem quasi cumque. Ducimus eius tempore reiciendis fugit magnam deleniti.', 4, '2018-10-08 07:36:23', '2018-10-08 07:36:23'),
(168, 20, 'Dana Waters', 'Quo et molestiae quo laborum. Consequatur in magni nostrum. Ut natus ea iure et dicta. Animi dolorum expedita voluptate vitae fugiat magni nesciunt perspiciatis.', 2, '2018-10-08 07:36:23', '2018-10-08 07:36:23'),
(169, 19, 'Jermaine Gerlach', 'Repellat iusto reiciendis et expedita. Ea ut saepe ut iste nihil sunt. In explicabo ipsam assumenda cumque.', 1, '2018-10-08 07:36:24', '2018-10-08 07:36:24'),
(170, 50, 'Johathan Koepp', 'Similique nesciunt id minus commodi eveniet. Consequuntur tempore nobis porro voluptatum mollitia. Ipsum nihil nemo eum quam tempora quos facere. Aperiam voluptate cum non molestiae qui occaecati et molestiae.', 4, '2018-10-08 07:36:24', '2018-10-08 07:36:24'),
(171, 8, 'Jeffrey Watsica', 'Nesciunt est alias ut autem et et. Omnis nostrum aut qui qui assumenda similique autem consequatur. Ut quos necessitatibus et incidunt iusto commodi et.', 5, '2018-10-08 07:36:24', '2018-10-08 07:36:24'),
(172, 3, 'Karine Grady', 'Neque excepturi quidem quia quia eum tempore. Ratione eum architecto quia. Laudantium deleniti quasi voluptas voluptates ipsa occaecati corporis rem. Repudiandae nihil aut laboriosam vero tenetur.', 3, '2018-10-08 07:36:24', '2018-10-08 07:36:24'),
(173, 9, 'Katelynn Dickens IV', 'Earum cum est dolor qui in quasi harum. Ullam voluptas dignissimos corporis qui dolore alias libero. Quia est iste et eveniet sint. Sapiente repellendus deserunt ab eligendi quia sapiente.', 2, '2018-10-08 07:36:24', '2018-10-08 07:36:24'),
(174, 2, 'Arlie Pagac V', 'Rerum ut ipsam tenetur ipsa unde nihil. Consectetur quam rerum tempora eos sed amet aliquam ut. Quia reiciendis doloribus modi sit.', 5, '2018-10-08 07:36:24', '2018-10-08 07:36:24'),
(175, 43, 'Mrs. Mertie Beahan', 'Et error vel voluptatum omnis qui ut repudiandae perspiciatis. Vero eveniet enim nostrum voluptas commodi. Incidunt dolores temporibus laudantium nemo est laborum.', 2, '2018-10-08 07:36:24', '2018-10-08 07:36:24'),
(176, 48, 'Columbus Wunsch', 'Consequatur est voluptate itaque ratione. Rerum quod et alias rerum nemo qui. Dicta architecto consequatur enim accusamus dolorem.', 2, '2018-10-08 07:36:24', '2018-10-08 07:36:24'),
(177, 3, 'Mandy Hartmann', 'Voluptatem natus voluptas fuga corporis. Deleniti aut facere et quisquam molestias ut illum ad. Enim tenetur numquam repellendus distinctio. Amet ab ad corporis qui asperiores in.', 0, '2018-10-08 07:36:24', '2018-10-08 07:36:24'),
(178, 20, 'Anderson Ebert', 'Vitae consequatur architecto voluptatem impedit omnis laborum. Perferendis qui eos consequatur alias. A est quasi velit hic odit provident. Culpa et nulla aut aut qui.', 1, '2018-10-08 07:36:24', '2018-10-08 07:36:24'),
(179, 25, 'Mrs. Tomasa Keebler V', 'Assumenda et error veritatis adipisci. Voluptatem nam natus maiores ipsa qui optio ipsa eius. Nobis ad occaecati nihil qui quia. Ducimus quos mollitia ut nisi et.', 1, '2018-10-08 07:36:24', '2018-10-08 07:36:24'),
(180, 27, 'Magdalena Heathcote', 'Expedita id ut perferendis ratione nisi recusandae aperiam. Quia corrupti soluta itaque ipsam neque aperiam labore. Ullam officia et dolor.', 4, '2018-10-08 07:36:24', '2018-10-08 07:36:24'),
(181, 8, 'Prof. Dewitt Casper', 'Perspiciatis quis repudiandae quo laboriosam itaque voluptas voluptas. Libero ex non sunt autem velit totam qui. Aperiam minus esse velit maiores.', 2, '2018-10-08 07:36:24', '2018-10-08 07:36:24'),
(182, 1, 'Kaylin Cummerata', 'Est ut consectetur natus deserunt excepturi. Dolorem quis impedit autem voluptatem aut distinctio blanditiis. Velit sint in adipisci molestias ut laudantium dolores rerum. Perspiciatis nihil in similique modi autem. Et in maiores autem.', 0, '2018-10-08 07:36:24', '2018-10-08 07:36:24'),
(183, 4, 'Prof. Katharina Mann', 'Quia ut tempore et. Qui omnis soluta consectetur voluptas iste ipsum. Quo alias quisquam officia eum dolorum at.', 5, '2018-10-08 07:36:24', '2018-10-08 07:36:24'),
(184, 41, 'Sarah Gottlieb II', 'Deleniti sit repellat repudiandae eum voluptas magni maxime ea. Sunt quia perferendis quam doloribus et. Et nulla qui provident architecto perferendis sint.', 2, '2018-10-08 07:36:24', '2018-10-08 07:36:24'),
(185, 28, 'Micheal Langworth V', 'Qui occaecati qui facilis autem illo dignissimos numquam. Consequatur atque libero delectus asperiores itaque et. Quod dolore accusamus vero voluptates dolorum. Aut est autem suscipit consequatur qui assumenda.', 1, '2018-10-08 07:36:24', '2018-10-08 07:36:24'),
(186, 14, 'Lonny Wuckert', 'Ut sit pariatur repellendus. Ut possimus quia blanditiis autem est qui sunt. Libero saepe enim labore facere.', 4, '2018-10-08 07:36:24', '2018-10-08 07:36:24'),
(187, 44, 'Megane Anderson', 'Occaecati id quas numquam doloribus dolor ipsam. Quia reiciendis non atque corporis quisquam nulla. Voluptatem quas quasi adipisci nemo.', 5, '2018-10-08 07:36:24', '2018-10-08 07:36:24'),
(188, 45, 'Ms. Margarett Adams', 'Quisquam recusandae libero magnam necessitatibus sed rerum minima perferendis. Deserunt consequuntur autem quisquam natus. Incidunt aut qui velit.', 0, '2018-10-08 07:36:24', '2018-10-08 07:36:24'),
(189, 8, 'Prof. Pasquale Breitenberg V', 'Ducimus quos consequatur qui ullam. Eum et qui odio excepturi. Facilis harum cum mollitia rerum totam et maxime voluptatem. Excepturi culpa fugiat facilis enim neque odio iusto rem.', 4, '2018-10-08 07:36:24', '2018-10-08 07:36:24'),
(190, 35, 'Camden Leannon', 'Et accusamus fugit corporis debitis quo dolorum. Aliquam placeat eaque in veniam. Molestiae velit doloribus dignissimos.', 2, '2018-10-08 07:36:24', '2018-10-08 07:36:24'),
(191, 19, 'Evalyn Stokes', 'Voluptates perferendis voluptas neque a dolores cumque et. Beatae eos deserunt dolores hic cupiditate. Ut quasi veritatis enim rerum voluptatum autem.', 4, '2018-10-08 07:36:24', '2018-10-08 07:36:24'),
(192, 48, 'Elisa Ferry', 'Maxime dolor ut officia quisquam. Adipisci dignissimos et ut consequuntur blanditiis. Alias perspiciatis velit omnis. Animi enim ipsam magnam commodi fuga. Culpa ut ab dignissimos aliquam.', 1, '2018-10-08 07:36:24', '2018-10-08 07:36:24'),
(193, 23, 'Elisabeth Boyer', 'Qui qui et ratione fugiat voluptatibus. Similique est id deleniti et earum ut non. Voluptates dignissimos rerum sit ut voluptate omnis rem molestiae. Autem quia officia dicta consequatur. Rerum et iure et rerum et.', 5, '2018-10-08 07:36:24', '2018-10-08 07:36:24'),
(194, 36, 'Giovanna Conn', 'Eaque in quia laudantium neque sit. Id explicabo sit illum tenetur magnam. Quam totam ab est repellat fugiat. Sunt omnis error neque neque saepe voluptatum.', 4, '2018-10-08 07:36:24', '2018-10-08 07:36:24'),
(195, 17, 'Dr. Vince Konopelski', 'Deleniti qui sed voluptatum et quia et. Ipsam aliquam quia ullam voluptate rerum numquam. Eveniet consequuntur rerum sed doloremque. Quia consectetur a distinctio.', 4, '2018-10-08 07:36:24', '2018-10-08 07:36:24'),
(196, 24, 'Buster Mitchell Sr.', 'Voluptas alias sed est et. Quaerat quam natus sunt laborum qui est error.', 2, '2018-10-08 07:36:24', '2018-10-08 07:36:24'),
(197, 16, 'Amy Wilkinson', 'Reprehenderit laborum omnis dolore aspernatur quia error quia officiis. Rerum qui blanditiis deleniti dignissimos repellat eius eum excepturi. Amet sed quia inventore nulla.', 4, '2018-10-08 07:36:24', '2018-10-08 07:36:24'),
(198, 7, 'Jordyn Collins', 'Temporibus ut illo possimus vel qui. Qui eveniet ratione fugit ut corporis sit. Aut officia cumque hic natus.', 5, '2018-10-08 07:36:24', '2018-10-08 07:36:24'),
(199, 34, 'Prof. Maxwell Lindgren', 'Aperiam nemo nostrum ipsa architecto voluptates quo repellendus. Minima et autem consequuntur tenetur. Sed quis nesciunt minima voluptatem atque. Veritatis id dolorem omnis.', 3, '2018-10-08 07:36:24', '2018-10-08 07:36:24'),
(200, 30, 'Brando Welch', 'Eum veritatis ut cumque doloribus quaerat sit rerum. Eos dolorem ad quis dolores vel. Ullam est velit tempora quia ut pariatur animi.', 3, '2018-10-08 07:36:24', '2018-10-08 07:36:24'),
(201, 35, 'Kian Heidenreich', 'Est molestiae aut sint ipsum qui eum. Impedit numquam eius quam eveniet velit iste. Et quia sit adipisci magnam totam repellendus excepturi.', 0, '2018-10-08 07:36:24', '2018-10-08 07:36:24'),
(202, 31, 'Marlee Kovacek', 'Sed laborum ab quos ut voluptas accusantium voluptatem. Quae laboriosam officiis amet ut qui. Qui assumenda iure nisi in autem.', 0, '2018-10-08 07:36:25', '2018-10-08 07:36:25'),
(203, 19, 'Prof. Stephania Lockman PhD', 'Dolorem ut quas quisquam eligendi ea unde itaque. Dolore asperiores aut quam accusantium sed qui. Suscipit quasi earum quia voluptatem minima rerum.', 4, '2018-10-08 07:36:25', '2018-10-08 07:36:25'),
(204, 24, 'Abdiel Yundt', 'Asperiores unde quia est aperiam harum qui aut. Cumque consequatur dolorum soluta rem mollitia dolore. Rerum quia beatae quibusdam eius cumque dolores. Occaecati voluptatem dignissimos quia eos fuga nihil aperiam.', 3, '2018-10-08 07:36:25', '2018-10-08 07:36:25'),
(205, 31, 'Russ Beatty', 'Ratione exercitationem enim deserunt dolorum et sed quia. Impedit excepturi eum facere aut aut. Nesciunt repellat sed expedita voluptatum harum rerum fugit. Aut expedita voluptatem rerum.', 4, '2018-10-08 07:36:25', '2018-10-08 07:36:25'),
(206, 40, 'Edythe Rodriguez', 'Qui velit voluptas ea culpa ratione. Illum iusto quam nisi possimus eum quisquam. Laudantium dolor eos nesciunt et in. Dignissimos maxime corporis assumenda aut enim voluptatem officiis.', 0, '2018-10-08 07:36:25', '2018-10-08 07:36:25'),
(207, 27, 'Diamond Heidenreich III', 'Quod est est saepe ducimus dolorem ullam. Distinctio atque cumque est numquam.', 5, '2018-10-08 07:36:25', '2018-10-08 07:36:25'),
(208, 34, 'Prof. Brenna Hagenes Sr.', 'Quam sint sunt dolor quasi optio suscipit. Et quasi veniam dolore dicta qui non quidem et. Voluptas velit iste accusantium et praesentium ab aperiam.', 3, '2018-10-08 07:36:25', '2018-10-08 07:36:25'),
(209, 33, 'Leda Hagenes', 'Et quidem doloribus ut molestiae in porro occaecati. Iste animi qui tempore perspiciatis nesciunt pariatur fugit. Quia autem et ad.', 5, '2018-10-08 07:36:25', '2018-10-08 07:36:25'),
(210, 15, 'Jackson Mraz', 'Eos deleniti quaerat ipsam magni sunt soluta voluptatem facere. Omnis est autem labore sapiente ut et et. Rem inventore dicta magnam.', 3, '2018-10-08 07:36:25', '2018-10-08 07:36:25');
INSERT INTO `reviews` (`id`, `product_id`, `customer`, `review`, `star`, `created_at`, `updated_at`) VALUES
(211, 11, 'Dewitt Mitchell PhD', 'Quibusdam ullam libero explicabo magni saepe numquam quaerat. Eligendi maiores consequatur ea et praesentium et laborum. At magni vero quisquam consectetur illum laborum numquam. Vero doloribus ipsa similique beatae. Laboriosam iure voluptatem hic veniam quod voluptas.', 4, '2018-10-08 07:36:25', '2018-10-08 07:36:25'),
(212, 46, 'Shannon Lakin', 'Perspiciatis laboriosam vitae enim ducimus. Ab similique omnis illum dolorum cupiditate commodi. Perferendis necessitatibus eligendi quod consequuntur. Et sequi recusandae esse voluptas sed et.', 4, '2018-10-08 07:36:25', '2018-10-08 07:36:25'),
(213, 13, 'Turner Breitenberg', 'Eligendi modi quia dolorem quam. Ullam quas ex sed omnis qui velit sed quis. Et quibusdam ut veniam expedita. Architecto error eveniet commodi tempore.', 3, '2018-10-08 07:36:25', '2018-10-08 07:36:25'),
(214, 11, 'Myles Schulist', 'Consequatur qui et est saepe dolore reiciendis inventore. Esse asperiores soluta aperiam voluptatum consectetur aut necessitatibus. Quia quia voluptatum nobis sunt et dolorum quia eum. Qui debitis dolor a consequuntur.', 5, '2018-10-08 07:36:25', '2018-10-08 07:36:25'),
(215, 45, 'Cristobal Heathcote', 'Adipisci ut repudiandae voluptas vitae corporis neque magnam. Ea cumque hic explicabo. Dolores sit ea eum eos. Aut non architecto fuga maiores ipsa. Placeat necessitatibus labore ducimus consequatur ea ipsum.', 4, '2018-10-08 07:36:25', '2018-10-08 07:36:25'),
(216, 28, 'Alfredo Batz', 'Facilis ad neque dolore quas consequatur fugiat laborum maxime. Et quia sint atque non est quo. Quas nesciunt corporis minus aut voluptatem. Blanditiis illum sapiente sint in omnis.', 3, '2018-10-08 07:36:25', '2018-10-08 07:36:25'),
(217, 44, 'Cara Gusikowski', 'Eos sunt voluptatem quo reprehenderit natus. Dignissimos perspiciatis velit quas. Nam aut voluptatem quia id. Sint omnis dolores rerum.', 1, '2018-10-08 07:36:25', '2018-10-08 07:36:25'),
(218, 16, 'Eduardo McKenzie MD', 'Iste itaque eum officiis et voluptatem expedita et. Voluptatibus et sint qui. Facilis nihil non unde optio delectus provident.', 1, '2018-10-08 07:36:25', '2018-10-08 07:36:25'),
(219, 8, 'Nona Sipes', 'Dolores eligendi cum eveniet nulla aut aut. Occaecati voluptate id minima cumque labore. Voluptatibus eum quod eveniet voluptatum pariatur veritatis. Dolores repellat aut dolores debitis.', 5, '2018-10-08 07:36:25', '2018-10-08 07:36:25'),
(220, 33, 'Mrs. Shemar Nader', 'Consequatur accusantium officia quos saepe aut. Delectus similique inventore voluptas culpa molestiae sunt quia. Deserunt quod qui sequi nihil voluptas officia et.', 5, '2018-10-08 07:36:25', '2018-10-08 07:36:25'),
(221, 6, 'Prof. Gilbert Hermann IV', 'Similique accusantium molestias est optio. Aperiam adipisci reiciendis harum qui. Ipsam itaque quis quis debitis a aut. Fugit exercitationem quibusdam totam vero et voluptate repellendus non.', 4, '2018-10-08 07:36:25', '2018-10-08 07:36:25'),
(222, 50, 'Emil Hoppe', 'Voluptatum labore voluptas fugit deleniti facere est. Recusandae magni nostrum placeat nulla. Alias ut molestiae nulla nobis porro sed sapiente. Et perspiciatis eius dolor harum.', 4, '2018-10-08 07:36:25', '2018-10-08 07:36:25'),
(223, 28, 'Abbigail Witting I', 'Sapiente voluptas odio porro provident. Dolor et eligendi numquam. Vel aut harum aut.', 3, '2018-10-08 07:36:25', '2018-10-08 07:36:25'),
(224, 23, 'Kamille Sporer', 'Tenetur eveniet adipisci sint accusantium incidunt unde alias. Tempora sint quis sint aut sed omnis ex. Voluptatem tenetur aut inventore eos. Porro sit laboriosam accusantium quos.', 1, '2018-10-08 07:36:25', '2018-10-08 07:36:25'),
(225, 14, 'Miss Larissa Auer', 'Qui quis totam quo voluptate ullam eaque consectetur delectus. Esse quis dolorem quos est. Quam nam unde consequatur quia ducimus sed. Quia omnis cupiditate minus ipsam ad fugit.', 3, '2018-10-08 07:36:25', '2018-10-08 07:36:25'),
(226, 23, 'Prof. Carlos Brekke', 'Laborum impedit sint a et quasi. Voluptatum cum saepe et mollitia. Laudantium velit distinctio ratione eum voluptas voluptas beatae.', 2, '2018-10-08 07:36:25', '2018-10-08 07:36:25'),
(227, 31, 'Dino Welch', 'Doloremque blanditiis suscipit nemo dolores. Minus eaque eos alias maxime. Possimus in ducimus suscipit placeat rerum velit.', 3, '2018-10-08 07:36:25', '2018-10-08 07:36:25'),
(228, 21, 'Alejandrin Schuppe', 'Deserunt consequuntur ea non autem et autem. Quia enim amet sed nam. Voluptatem aliquam deserunt et deserunt non dolorem. Qui rerum totam ratione quibusdam quod facere amet. Blanditiis sed ex aperiam.', 1, '2018-10-08 07:36:25', '2018-10-08 07:36:25'),
(229, 11, 'Prof. Laurence Cremin', 'Incidunt omnis aut praesentium omnis dolorem quaerat debitis. Aut commodi quia quod culpa consequatur temporibus.', 4, '2018-10-08 07:36:25', '2018-10-08 07:36:25'),
(230, 22, 'Vincenza Upton', 'Ad ipsam nulla mollitia ipsam eos. Nihil adipisci provident consequuntur ut. Tempora consectetur veniam cum ab eius deserunt nam dolor.', 2, '2018-10-08 07:36:25', '2018-10-08 07:36:25'),
(231, 30, 'Grady Rath', 'Consequuntur voluptatem repudiandae doloribus. Pariatur recusandae minima dicta expedita illum illum ratione. Eaque culpa consequatur a sint et. Amet beatae est et vitae.', 3, '2018-10-08 07:36:25', '2018-10-08 07:36:25'),
(232, 32, 'Genevieve Spencer', 'Vel autem non commodi et et recusandae. Consequatur et ipsa fugiat atque et in cupiditate. Id eum non vero totam maiores cum eligendi.', 4, '2018-10-08 07:36:25', '2018-10-08 07:36:25'),
(233, 22, 'Dedric Konopelski', 'Ut accusantium adipisci officia quia corporis reprehenderit facere nemo. Laborum velit modi ab minima vero hic rerum velit. Quam sed magnam ut consequatur.', 1, '2018-10-08 07:36:25', '2018-10-08 07:36:25'),
(234, 3, 'Gladys Bayer Sr.', 'Aut cupiditate molestiae veniam libero aut quidem ipsum. Aut quo rerum voluptatibus magni inventore totam consequatur. Praesentium culpa consectetur et. Aut ducimus voluptas voluptate non. Eum quidem similique aut aut.', 2, '2018-10-08 07:36:25', '2018-10-08 07:36:25'),
(235, 15, 'Donato McKenzie', 'Rerum sapiente fugiat qui dolore. Qui explicabo recusandae perspiciatis ipsa nobis nihil animi. Hic officiis occaecati vero quia repellat facere explicabo.', 0, '2018-10-08 07:36:26', '2018-10-08 07:36:26'),
(236, 47, 'Jabari Wilderman', 'Praesentium vel aliquid eaque omnis ut culpa autem. Consequatur magni cupiditate maxime cupiditate.', 2, '2018-10-08 07:36:26', '2018-10-08 07:36:26'),
(237, 22, 'Javonte Kling', 'Sunt voluptas eligendi impedit delectus vel. Voluptatum soluta accusantium vero itaque ut.', 4, '2018-10-08 07:36:26', '2018-10-08 07:36:26'),
(238, 43, 'Dr. Colton Harber', 'Expedita eligendi facere sint repellendus consequatur adipisci. Ut sunt rem hic voluptatem odit. Laboriosam sit non facilis autem sunt aperiam et. Maxime alias et est consectetur doloribus.', 0, '2018-10-08 07:36:26', '2018-10-08 07:36:26'),
(239, 33, 'Christine Nolan', 'Ad quas delectus itaque commodi nemo laboriosam. Ut veritatis ea dolores perferendis veritatis distinctio nam.', 5, '2018-10-08 07:36:26', '2018-10-08 07:36:26'),
(240, 19, 'Mr. Stewart Brekke PhD', 'Tenetur adipisci est consectetur. Libero dolorem aut molestiae aut. Tempore animi odit eius nostrum fugiat sit.', 2, '2018-10-08 07:36:26', '2018-10-08 07:36:26'),
(241, 43, 'Conner Hermann', 'Illo fugit harum aut aperiam. Non nesciunt sed deserunt provident autem.', 5, '2018-10-08 07:36:26', '2018-10-08 07:36:26'),
(242, 30, 'Billie Donnelly', 'Veniam voluptates doloremque qui architecto rerum. Ipsam qui cum earum enim.', 3, '2018-10-08 07:36:26', '2018-10-08 07:36:26'),
(243, 30, 'Chelsea VonRueden IV', 'Quisquam aut rem deleniti. Alias voluptatem optio error rerum at perspiciatis. Doloribus consequatur cumque officia laborum.', 3, '2018-10-08 07:36:26', '2018-10-08 07:36:26'),
(244, 26, 'Mr. Lionel Stoltenberg III', 'Voluptate alias dignissimos ipsa. Adipisci nisi id ut reiciendis porro dolor.', 2, '2018-10-08 07:36:26', '2018-10-08 07:36:26'),
(245, 24, 'Prof. Vivien Toy V', 'Numquam harum tempora harum asperiores ducimus ad. Nostrum aperiam voluptatem veritatis inventore quos. Dolores reprehenderit repudiandae expedita aut.', 4, '2018-10-08 07:36:26', '2018-10-08 07:36:26'),
(246, 25, 'Dr. Kadin Stehr MD', 'Aut ea hic rem laborum aut quia culpa qui. Ipsum aut voluptas non ut ad. Distinctio amet qui nihil.', 3, '2018-10-08 07:36:26', '2018-10-08 07:36:26'),
(247, 17, 'Markus Block II', 'Autem numquam repellat doloremque ut temporibus alias. Eligendi eaque distinctio nihil omnis. Ipsam officia et non ratione. Temporibus doloribus facere quis numquam ipsa ratione. Quis et aperiam officiis necessitatibus adipisci sed.', 3, '2018-10-08 07:36:26', '2018-10-08 07:36:26'),
(248, 3, 'Lysanne Runolfsdottir', 'In accusamus officia magni. Tempore aut magnam perferendis magni nemo. Commodi sit dicta in harum dignissimos. Architecto voluptatem laborum atque.', 4, '2018-10-08 07:36:26', '2018-10-08 07:36:26'),
(249, 2, 'Joanny Langosh', 'Neque sed quas aut et quis dolorem quia eum. Maiores nesciunt expedita velit officia atque omnis illum explicabo. Eum tempore laboriosam nihil cumque nostrum.', 4, '2018-10-08 07:36:26', '2018-10-08 07:36:26'),
(250, 36, 'Omer Renner DVM', 'Praesentium sunt dicta nobis odit error. Commodi ad in suscipit praesentium dignissimos ad.', 0, '2018-10-08 07:36:26', '2018-10-08 07:36:26'),
(251, 29, 'Wilmer Sipes', 'Rerum cumque consequatur omnis aliquid consequatur sed. Minus sint quisquam ducimus repellendus quae repellat. Et quia reprehenderit expedita rem deserunt. Eos qui sed quis quidem consequatur et.', 5, '2018-10-08 07:36:26', '2018-10-08 07:36:26'),
(252, 46, 'Estelle Ryan', 'Consectetur officia qui sunt maxime maxime voluptatem ex at. Tempore sed eos fugiat eligendi sit assumenda a. Amet enim non in. Tenetur assumenda eveniet et saepe quis.', 5, '2018-10-08 07:36:26', '2018-10-08 07:36:26'),
(253, 9, 'Miss Georgette Predovic', 'Voluptates illo deleniti consequatur numquam id. Ut excepturi numquam error voluptas fuga dolorum ut autem. Nam ea est atque sed autem consectetur.', 1, '2018-10-08 07:36:26', '2018-10-08 07:36:26'),
(254, 31, 'Dr. Eloy Braun DVM', 'Sunt eos ad dolor et officia. Veritatis nihil esse qui facere porro. Dolore quia distinctio perferendis eveniet vitae. Libero tempore vel magni eligendi minus.', 1, '2018-10-08 07:36:26', '2018-10-08 07:36:26'),
(255, 26, 'Emil Gerlach', 'Impedit est saepe non consectetur totam voluptas. Non nemo voluptatem sit et saepe alias. Esse nostrum ducimus aut quas ut. Ullam aut rerum debitis necessitatibus.', 0, '2018-10-08 07:36:26', '2018-10-08 07:36:26'),
(256, 34, 'Erich Stehr', 'Totam et fugit voluptas officia et. Quasi qui nisi est. Omnis et libero odio.', 2, '2018-10-08 07:36:26', '2018-10-08 07:36:26'),
(257, 36, 'Gennaro Shanahan', 'Quidem omnis veritatis ipsum dolorem voluptatum. Voluptatibus est consequatur provident dolore omnis et. Eos porro corrupti beatae aliquid molestiae error sunt. Veniam quia laboriosam quo necessitatibus nihil ut. Est dolor qui nihil numquam officia adipisci enim.', 1, '2018-10-08 07:36:26', '2018-10-08 07:36:26'),
(258, 20, 'Melisa Morissette I', 'Consequuntur consequuntur facere ut amet sunt incidunt. Rem aliquam et enim et. Quis nesciunt et sunt rerum accusamus delectus.', 5, '2018-10-08 07:36:26', '2018-10-08 07:36:26'),
(259, 35, 'Georgette Cruickshank MD', 'Numquam et commodi ut iste. Nostrum corrupti mollitia iste aut doloribus. Ea et quod suscipit nulla. Doloremque dignissimos exercitationem vel quo fuga.', 1, '2018-10-08 07:36:26', '2018-10-08 07:36:26'),
(260, 15, 'Kassandra Huels', 'Sit voluptatem quia et ut. Dolores sapiente tempore et ducimus eaque repudiandae quis rerum. Sequi doloremque error commodi unde recusandae. Et sed odit quia aut dolorem sint praesentium quas.', 2, '2018-10-08 07:36:26', '2018-10-08 07:36:26'),
(261, 8, 'Jaime Schinner', 'Aliquam animi quis optio recusandae. Cum est vitae repellendus animi deleniti. Ab praesentium accusantium sapiente consequatur omnis praesentium. Maxime aliquid ut dolor dolore quidem.', 2, '2018-10-08 07:36:26', '2018-10-08 07:36:26'),
(262, 21, 'Ms. Julie Wolff', 'Aut dolores excepturi enim facere. Quia nostrum alias exercitationem nam quisquam dolorum. Itaque voluptate et aspernatur sed amet veritatis alias.', 4, '2018-10-08 07:36:26', '2018-10-08 07:36:26'),
(263, 13, 'Sterling Kling', 'Earum numquam quis accusantium eligendi non. Nihil porro ratione et doloribus. Suscipit minus architecto quisquam reiciendis consequatur.', 0, '2018-10-08 07:36:26', '2018-10-08 07:36:26'),
(264, 6, 'Lea Kling', 'Est occaecati qui et dolore quia quas eos. Unde omnis neque quia aut nihil. Harum qui minima eum laudantium repellendus voluptatum non. Laudantium consequatur natus ut illum sed aspernatur ut nihil.', 4, '2018-10-08 07:36:26', '2018-10-08 07:36:26'),
(265, 3, 'Queen Ritchie', 'Iure necessitatibus cumque nisi inventore nisi quibusdam et culpa. Tenetur quia cumque qui aut eum.', 4, '2018-10-08 07:36:26', '2018-10-08 07:36:26'),
(266, 22, 'Erich Boyle', 'Qui nihil facilis neque. Cum repellendus iusto voluptatem quibusdam recusandae. Laborum autem incidunt nihil rerum ut. Ad suscipit deserunt nesciunt necessitatibus exercitationem velit.', 4, '2018-10-08 07:36:26', '2018-10-08 07:36:26'),
(267, 7, 'Dr. Arnold Mueller Jr.', 'Ratione sed aut et labore accusantium dolore. Esse et libero quibusdam. Aliquid enim reprehenderit dolorem et. Veritatis id quo facilis nostrum et eius nesciunt.', 3, '2018-10-08 07:36:26', '2018-10-08 07:36:26'),
(268, 49, 'Presley Bernhard', 'Qui est nemo quia voluptatem reprehenderit voluptas consequuntur. Cumque error suscipit labore iure inventore vel iure. Odio necessitatibus esse ratione esse aliquam est. Quam amet autem non et sit quos animi.', 4, '2018-10-08 07:36:26', '2018-10-08 07:36:26'),
(269, 47, 'Angeline Stroman PhD', 'Quae et natus modi tenetur et. Voluptas soluta non natus qui dicta. Atque delectus illum deserunt eos non. Minima consequatur blanditiis impedit adipisci.', 5, '2018-10-08 07:36:26', '2018-10-08 07:36:26'),
(270, 25, 'Orlando Dach', 'Est harum facilis praesentium facere. Praesentium iure neque in asperiores. Praesentium voluptatem laborum qui ipsam quaerat consequuntur. Dolore dolorem deleniti enim et ut sunt debitis.', 2, '2018-10-08 07:36:27', '2018-10-08 07:36:27'),
(271, 46, 'Winfield Dickinson', 'Labore ut et sunt atque ratione. Magni dolor ullam sit maiores iure eligendi eveniet. Doloremque dolor deserunt placeat numquam.', 4, '2018-10-08 07:36:27', '2018-10-08 07:36:27'),
(272, 11, 'Estrella Bartell', 'Delectus quos saepe sint sit et. Iure suscipit excepturi perferendis amet sit consequatur similique. Animi amet est quia voluptas laboriosam.', 5, '2018-10-08 07:36:27', '2018-10-08 07:36:27'),
(273, 37, 'Luna Rippin', 'Nulla quas non molestias nam. Et enim quia inventore omnis saepe. Velit ipsum accusantium maxime voluptatem corporis et quos.', 5, '2018-10-08 07:36:27', '2018-10-08 07:36:27'),
(274, 46, 'Amiya Pacocha', 'Tenetur quaerat ab id nihil. Praesentium quo corporis voluptatem. Laborum veritatis animi omnis veritatis laborum quae quod. Dolor soluta sed ipsa impedit repudiandae porro.', 3, '2018-10-08 07:36:27', '2018-10-08 07:36:27'),
(275, 45, 'Miss Alessia Sporer MD', 'Minima eius dolorem aspernatur qui ut. Reiciendis veniam a qui eius. Et deleniti tempora fugit nesciunt occaecati iste. Nihil accusantium delectus dolore asperiores molestias eaque itaque.', 5, '2018-10-08 07:36:27', '2018-10-08 07:36:27'),
(276, 2, 'Nyah Kris', 'Commodi saepe odio et cumque ut. Ut delectus fugit omnis numquam. Quo quas ullam unde quia ducimus amet. Ad laboriosam perferendis doloremque voluptas aut.', 0, '2018-10-08 07:36:27', '2018-10-08 07:36:27'),
(277, 48, 'Dr. Jovani Feeney III', 'Impedit quibusdam corrupti dignissimos quis explicabo ipsa. Dolores dolores dolorem et aut. Sit eum nam quo eos quos ut mollitia. Doloremque quod est aut velit aliquam eum eum voluptatibus.', 1, '2018-10-08 07:36:27', '2018-10-08 07:36:27'),
(278, 38, 'Miss Catherine Kassulke III', 'Dolor deserunt quidem nihil dolorem deserunt veniam velit. Aspernatur sed a vitae sapiente. Ea dicta ab consequatur sunt. Sint asperiores rerum rerum eos.', 5, '2018-10-08 07:36:27', '2018-10-08 07:36:27'),
(279, 50, 'Rubie Hessel IV', 'Molestiae perferendis aliquam aut quibusdam est dicta aut. Rerum excepturi et molestias est eum. Doloremque fugit atque provident enim. Ratione rerum qui quis ad voluptatem reiciendis.', 5, '2018-10-08 07:36:27', '2018-10-08 07:36:27'),
(280, 28, 'Dannie Herzog', 'Voluptate dignissimos ipsa ab et. Quia qui soluta deserunt voluptatum. Culpa quod illum repudiandae eum quia aperiam.', 5, '2018-10-08 07:36:27', '2018-10-08 07:36:27'),
(281, 2, 'Merle Raynor PhD', 'Assumenda vel quod est odit. Aliquid voluptatem delectus sint aut laboriosam consequatur.', 1, '2018-10-08 07:36:27', '2018-10-08 07:36:27'),
(282, 11, 'Lauryn O\'Connell I', 'Animi velit id est assumenda nihil deserunt quia. Quasi a voluptatum sequi expedita rem cum facere. Omnis nihil nam et asperiores et et officiis.', 1, '2018-10-08 07:36:27', '2018-10-08 07:36:27'),
(283, 45, 'Mrs. Rosetta Satterfield', 'Voluptatum officiis qui eum corrupti qui omnis ut incidunt. Tempore veniam sunt esse dicta. Magni soluta perferendis ut est. A vero quas ut sunt.', 3, '2018-10-08 07:36:27', '2018-10-08 07:36:27'),
(284, 5, 'Kenya Roob', 'Placeat consequatur vero et. Quas omnis laudantium dolore alias et labore. Et doloribus placeat id soluta voluptas voluptatem. Distinctio sed quo dicta vel.', 4, '2018-10-08 07:36:27', '2018-10-08 07:36:27'),
(285, 42, 'Lizeth Metz', 'Atque aut hic labore aut eum. Minima dolore sunt nesciunt sed earum alias in. Voluptas beatae omnis tenetur voluptate. Accusamus nemo perspiciatis aut dolorum molestiae cumque ut rerum.', 0, '2018-10-08 07:36:27', '2018-10-08 07:36:27'),
(286, 18, 'Woodrow Rempel', 'Provident quas atque nobis assumenda quaerat. Voluptates et recusandae dolores quo. Eum voluptatibus tenetur fugiat delectus aut sequi et.', 2, '2018-10-08 07:36:27', '2018-10-08 07:36:27'),
(287, 39, 'Lindsey Buckridge', 'Culpa quibusdam dolores ut non esse sint nobis. Quod ullam rerum mollitia qui consequatur illum dignissimos ipsa. Accusamus aperiam beatae ut quidem voluptatem repellat et. Ratione omnis fugit asperiores repudiandae accusantium quo.', 4, '2018-10-08 07:36:27', '2018-10-08 07:36:27'),
(288, 11, 'Benedict Rempel', 'Voluptatum enim ad natus. Ex ex ut quasi quasi laborum nisi voluptatem. Velit nulla labore incidunt omnis incidunt.', 3, '2018-10-08 07:36:27', '2018-10-08 07:36:27'),
(289, 12, 'Isidro Bernier', 'Optio asperiores rerum molestiae saepe. Non ut sit ipsum placeat architecto similique eum. Assumenda quam adipisci minima voluptatem illo.', 1, '2018-10-08 07:36:27', '2018-10-08 07:36:27'),
(290, 33, 'Ms. Lesly Volkman', 'Porro dignissimos earum placeat tempore rerum recusandae. Maiores qui quidem maxime asperiores distinctio. Rerum quis quos architecto.', 3, '2018-10-08 07:36:27', '2018-10-08 07:36:27'),
(291, 47, 'Mrs. Ilene Hamill PhD', 'Aut modi nihil et eligendi voluptas ut. Magni at neque facilis.', 4, '2018-10-08 07:36:27', '2018-10-08 07:36:27'),
(292, 31, 'Kathleen Beier Sr.', 'Accusamus illo omnis repellat in ut natus fuga. Voluptatum sint id vero et. Impedit reiciendis assumenda officia voluptatem. Possimus qui aut labore iusto veniam. Quam magni amet eligendi omnis.', 4, '2018-10-08 07:36:27', '2018-10-08 07:36:27'),
(293, 3, 'Anabel Flatley', 'Autem ab nemo architecto temporibus fugit illum beatae. Esse quas necessitatibus saepe repellat perferendis ad consectetur. Error amet in architecto eligendi consequatur.', 1, '2018-10-08 07:36:27', '2018-10-08 07:36:27'),
(294, 22, 'Dr. Freeman Funk II', 'Explicabo aut quaerat deleniti neque quod. Repellendus illo doloribus corrupti voluptas beatae ut. Qui dolorem ipsa voluptatem sit corrupti libero.', 3, '2018-10-08 07:36:27', '2018-10-08 07:36:27'),
(295, 38, 'Greta Marquardt', 'Iure sed ea voluptatem labore est animi. Aut corporis id quasi culpa. Placeat nesciunt quia nihil occaecati deleniti expedita dolorem. Dolore numquam odit molestiae quod eius vero eos et. Eum aut recusandae autem veritatis cumque.', 2, '2018-10-08 07:36:27', '2018-10-08 07:36:27'),
(296, 22, 'Camylle Morar', 'Quia atque aut temporibus et. Commodi exercitationem est accusantium ipsam ut. Quo possimus est quia nesciunt et aut ducimus.', 2, '2018-10-08 07:36:27', '2018-10-08 07:36:27'),
(297, 8, 'Xander Walker DDS', 'Dicta consectetur qui quae et quod et culpa. Aut officia explicabo ut eum provident officiis quia.', 1, '2018-10-08 07:36:28', '2018-10-08 07:36:28'),
(298, 28, 'Zack O\'Hara', 'Deleniti esse quidem ad accusantium velit fuga et soluta. Et quisquam ut alias sint amet illo quo. Similique et sed eum unde qui sed ullam. Magni inventore illo aut impedit praesentium voluptates.', 5, '2018-10-08 07:36:28', '2018-10-08 07:36:28'),
(299, 42, 'Dr. Timothy Weimann', 'Tempore eos rerum accusamus officiis rerum. Sit dolores sunt quis excepturi ut sed expedita. Velit perspiciatis voluptatem nihil vel. Deserunt ab praesentium molestias cumque deleniti consequatur. Asperiores consequatur nesciunt perferendis reprehenderit dolor.', 1, '2018-10-08 07:36:28', '2018-10-08 07:36:28'),
(300, 4, 'Prof. Antone Kemmer', 'Sapiente iste ut illo ea exercitationem. Ea omnis mollitia quas facere sapiente vero qui. Qui et sequi maxime aut non doloribus et non.', 2, '2018-10-08 07:36:28', '2018-10-08 07:36:28');

-- --------------------------------------------------------

--
-- Estructura de tabla para la tabla `users`
--

CREATE TABLE `users` (
  `id` int(10) UNSIGNED NOT NULL,
  `name` varchar(190) COLLATE utf8mb4_unicode_ci NOT NULL,
  `email` varchar(190) COLLATE utf8mb4_unicode_ci NOT NULL,
  `password` varchar(190) COLLATE utf8mb4_unicode_ci NOT NULL,
  `remember_token` varchar(100) COLLATE utf8mb4_unicode_ci DEFAULT NULL,
  `created_at` timestamp NULL DEFAULT NULL,
  `updated_at` timestamp NULL DEFAULT NULL
) ENGINE=InnoDB DEFAULT CHARSET=utf8mb4 COLLATE=utf8mb4_unicode_ci;

--
-- Índices para tablas volcadas
--

--
-- Indices de la tabla `migrations`
--
ALTER TABLE `migrations`
  ADD PRIMARY KEY (`id`);

--
-- Indices de la tabla `password_resets`
--
ALTER TABLE `password_resets`
  ADD KEY `password_resets_email_index` (`email`);

--
-- Indices de la tabla `products`
--
ALTER TABLE `products`
  ADD PRIMARY KEY (`id`);

--
-- Indices de la tabla `reviews`
--
ALTER TABLE `reviews`
  ADD PRIMARY KEY (`id`),
  ADD KEY `reviews_product_id_index` (`product_id`);

--
-- Indices de la tabla `users`
--
ALTER TABLE `users`
  ADD PRIMARY KEY (`id`),
  ADD UNIQUE KEY `users_email_unique` (`email`);

--
-- AUTO_INCREMENT de las tablas volcadas
--

--
-- AUTO_INCREMENT de la tabla `migrations`
--
ALTER TABLE `migrations`
  MODIFY `id` int(10) UNSIGNED NOT NULL AUTO_INCREMENT, AUTO_INCREMENT=5;

--
-- AUTO_INCREMENT de la tabla `products`
--
ALTER TABLE `products`
  MODIFY `id` int(10) UNSIGNED NOT NULL AUTO_INCREMENT, AUTO_INCREMENT=51;

--
-- AUTO_INCREMENT de la tabla `reviews`
--
ALTER TABLE `reviews`
  MODIFY `id` int(10) UNSIGNED NOT NULL AUTO_INCREMENT, AUTO_INCREMENT=301;

--
-- AUTO_INCREMENT de la tabla `users`
--
ALTER TABLE `users`
  MODIFY `id` int(10) UNSIGNED NOT NULL AUTO_INCREMENT;

--
-- Restricciones para tablas volcadas
--

--
-- Filtros para la tabla `reviews`
--
ALTER TABLE `reviews`
  ADD CONSTRAINT `reviews_product_id_foreign` FOREIGN KEY (`product_id`) REFERENCES `products` (`id`) ON DELETE CASCADE;
COMMIT;

/*!40101 SET CHARACTER_SET_CLIENT=@OLD_CHARACTER_SET_CLIENT */;
/*!40101 SET CHARACTER_SET_RESULTS=@OLD_CHARACTER_SET_RESULTS */;
/*!40101 SET COLLATION_CONNECTION=@OLD_COLLATION_CONNECTION */;
